raw_id,t_group,t_start,sorted_record_index,source_t_group,source_record_index,element,edge_x,edge_y,edge_z,edge_L,edge_tcoord,edge_tL,edge_dir,source_h0,source_h1,source_h2,source_h3,source_h4,source_h5,source_h6,source_h7,face_axis,face_axis_role,face_side,h0,h1,h2,h3,t0,t1,t2,t3,A,B,root_num,root_den,u_num,u_den,v_num,v_den,logical_incidence_id,canonical_event_id
cache=0:0:13759;source=0:13900;face=0:1,0,0,13759,0,13900,1,44,116,68,7,0,0,2,23165:2,23175:2,23166:2,23124:2,23165:0,23175:0,23166:0,23124:0,0,temporal_neighbour,1,23124:0,23166:0,23165:0,23175:0,2,1,2,1,2,3,3,2,1,2,1,2,"element=1;role=temporal_neighbour;face=23124:0|23166:0|23165:0|23175:0;edge=44,116,68,7,0,0,2,1","element=1;role=temporal_neighbour;face=23124:0|23166:0|23165:0|23175:0"
cache=0:0:13760;source=0:13901;face=0:1,0,0,13760,0,13901,2,44,116,68,7,0,0,2,388529:2,388540:2,388530:2,388488:2,388529:0,388540:0,388530:0,388488:0,0,temporal_neighbour,1,388488:0,388530:0,388529:0,388540:0,2,1,2,1,2,3,3,2,1,2,1,2,"element=2;role=temporal_neighbour;face=388488:0|388530:0|388529:0|388540:0;edge=44,116,68,7,0,0,2,2","element=2;role=temporal_neighbour;face=388488:0|388530:0|388529:0|388540:0"
cache=0:0:34305;source=0:35523;face=0:1,0,0,34305,0,35523,1,232,328,268,9,0,0,2,20487:2,353844:2,20491:2,20505:2,20487:0,353844:0,20491:0,20505:0,0,temporal_neighbour,1,20487:0,20491:0,20505:0,353844:0,2,1,2,1,2,3,3,2,1,2,1,2,"element=1;role=temporal_neighbour;face=20487:0|20491:0|20505:0|353844:0;edge=232,328,268,9,0,0,2,1","element=1;role=temporal_neighbour;face=20487:0|20491:0|20505:0|353844:0"
cache=0:0:34306;source=0:35524;face=0:1,0,0,34306,0,35524,2,232,328,268,9,0,0,2,385825:2,1036214:2,385830:2,385847:2,385825:0,1036214:0,385830:0,385847:0,0,temporal_neighbour,1,385825:0,385830:0,385847:0,1036214:0,2,1,2,1,2,3,3,2,1,2,1,2,"element=2;role=temporal_neighbour;face=385825:0|385830:0|385847:0|1036214:0;edge=232,328,268,9,0,0,2,2","element=2;role=temporal_neighbour;face=385825:0|385830:0|385847:0|1036214:0"
cache=0:0:34400;source=0:35649;face=0:1,0,0,34400,0,35649,1,240,240,257,9,0,0,2,7417:2,7738:2,7571:2,7808:2,7417:0,7738:0,7571:0,7808:0,0,temporal_neighbour,1,7417:0,7571:0,7808:0,7738:0,2,1,2,1,2,3,3,2,1,2,1,2,"element=1;role=temporal_neighbour;face=7417:0|7571:0|7808:0|7738:0;edge=240,240,257,9,0,0,2,1","element=1;role=temporal_neighbour;face=7417:0|7571:0|7808:0|7738:0"
cache=0:0:34401;source=0:35650;face=0:1,0,0,34401,0,35650,2,240,240,257,9,0,0,2,371000:2,371348:2,371156:2,371420:2,371000:0,371348:0,371156:0,371420:0,0,temporal_neighbour,1,371000:0,371156:0,371420:0,371348:0,2,1,2,1,2,3,3,2,1,2,1,2,"element=2;role=temporal_neighbour;face=371000:0|371156:0|371420:0|371348:0;edge=240,240,257,9,0,0,2,2","element=2;role=temporal_neighbour;face=371000:0|371156:0|371420:0|371348:0"
cache=0:0:34473;source=0:35722;face=0:1,0,0,34473,0,35722,1,240,312,265,9,0,0,2,310020:2,19248:2,19268:2,19278:2,310020:0,19248:0,19268:0,19278:0,0,temporal_neighbour,1,19248:0,19278:0,19268:0,310020:0,1,2,1,2,-2,-3,3,2,1,2,1,2,"element=1;role=temporal_neighbour;face=19248:0|19278:0|19268:0|310020:0;edge=240,312,265,9,0,0,2,1","element=1;role=temporal_neighbour;face=19248:0|19278:0|19268:0|310020:0"
cache=0:0:34474;source=0:35723;face=0:1,0,0,34474,0,35723,2,240,312,265,9,0,0,2,973819:2,384601:2,384623:2,384633:2,973819:0,384601:0,384623:0,384633:0,0,temporal_neighbour,1,384601:0,384633:0,384623:0,973819:0,1,2,1,2,-2,-3,3,2,1,2,1,2,"element=2;role=temporal_neighbour;face=384601:0|384633:0|384623:0|973819:0;edge=240,312,265,9,0,0,2,2","element=2;role=temporal_neighbour;face=384601:0|384633:0|384623:0|973819:0"
cache=0:0:35047;source=0:36788;face=0:1,0,0,35047,0,36788,1,249,248,256,9,0,0,0,5238:2,7984:2,5255:2,8126:2,5238:0,7984:0,5255:0,8126:0,0,temporal_neighbour,1,5238:0,5255:0,8126:0,7984:0,2,1,2,1,2,3,3,2,1,2,1,2,"element=1;role=temporal_neighbour;face=5238:0|5255:0|8126:0|7984:0;edge=249,248,256,9,0,0,0,1","element=1;role=temporal_neighbour;face=5238:0|5255:0|8126:0|7984:0"
cache=0:0:35048;source=0:36789;face=0:1,0,0,35048,0,36789,2,249,248,256,9,0,0,0,368836:2,371611:2,368849:2,371756:2,368836:0,371611:0,368849:0,371756:0,0,temporal_neighbour,1,368836:0,368849:0,371756:0,371611:0,2,1,2,1,2,3,3,2,1,2,1,2,"element=2;role=temporal_neighbour;face=368836:0|368849:0|371756:0|371611:0;edge=249,248,256,9,0,0,0,2","element=2;role=temporal_neighbour;face=368836:0|368849:0|371756:0|371611:0"
cache=0:0:35432;source=0:37989;face=0:1,0,0,35432,0,37989,3,256,262,256,9,0,0,2,1062943:2,1062958:2,1063989:2,1064025:2,1062943:0,1062958:0,1063989:0,1064025:0,0,temporal_neighbour,1,1062943:0,1062958:0,1064025:0,1063989:0,1,2,1,2,-2,-3,3,2,1,2,1,2,"element=3;role=temporal_neighbour;face=1062943:0|1062958:0|1064025:0|1063989:0;edge=256,262,256,9,0,0,2,3","element=3;role=temporal_neighbour;face=1062943:0|1062958:0|1064025:0|1063989:0"
cache=0:0:74986;source=0:80688;face=0:1,0,0,74986,0,80688,1,428,540,535,10,0,0,2,17835:2,51288:2,51251:2,51471:2,17835:0,51288:0,51251:0,51471:0,0,temporal_neighbour,1,17835:0,51251:0,51471:0,51288:0,2,1,2,1,2,3,3,2,1,2,1,2,"element=1;role=temporal_neighbour;face=17835:0|51251:0|51471:0|51288:0;edge=428,540,535,10,0,0,2,1","element=1;role=temporal_neighbour;face=17835:0|51251:0|51471:0|51288:0"
cache=0:0:74987;source=0:80689;face=0:1,0,0,74987,0,80689,2,428,540,535,10,0,0,2,383316:2,436840:2,436793:2,437105:2,383316:0,436840:0,436793:0,437105:0,0,temporal_neighbour,1,383316:0,436793:0,437105:0,436840:0,2,1,2,1,2,3,3,2,1,2,1,2,"element=2;role=temporal_neighbour;face=383316:0|436793:0|437105:0|436840:0;edge=428,540,535,10,0,0,2,2","element=2;role=temporal_neighbour;face=383316:0|436793:0|437105:0|436840:0"
cache=0:0:75067;source=0:80910;face=0:1,0,0,75067,0,80910,1,432,536,536,10,0,0,2,17833:2,51820:2,17859:2,55326:2,17833:0,51820:0,17859:0,55326:0,0,temporal_neighbour,1,17833:0,17859:0,55326:0,51820:0,2,1,2,1,2,3,3,2,1,2,1,2,"element=1;role=temporal_neighbour;face=17833:0|17859:0|55326:0|51820:0;edge=432,536,536,10,0,0,2,1","element=1;role=temporal_neighbour;face=17833:0|17859:0|55326:0|51820:0"
cache=0:0:75068;source=0:80911;face=0:1,0,0,75068,0,80911,2,432,536,536,10,0,0,2,383314:2,437883:2,383341:2,443630:2,383314:0,437883:0,383341:0,443630:0,0,temporal_neighbour,1,383314:0,383341:0,443630:0,437883:0,2,1,2,1,2,3,3,2,1,2,1,2,"element=2;role=temporal_neighbour;face=383314:0|383341:0|443630:0|437883:0;edge=432,536,536,10,0,0,2,2","element=2;role=temporal_neighbour;face=383314:0|383341:0|443630:0|437883:0"
cache=0:0:75950;source=0:82330;face=0:1,0,0,75950,0,82330,2,504,560,524,10,0,0,2,384361:2,868099:2,384365:2,384404:2,384361:0,868099:0,384365:0,384404:0,0,temporal_neighbour,1,384361:0,384365:0,384404:0,868099:0,2,1,2,1,2,3,3,2,1,2,1,2,"element=2;role=temporal_neighbour;face=384361:0|384365:0|384404:0|868099:0;edge=504,560,524,10,0,0,2,2","element=2;role=temporal_neighbour;face=384361:0|384365:0|384404:0|868099:0"
cache=0:0:75951;source=0:82331;face=0:1,0,0,75951,0,82331,4,504,560,524,10,0,0,2,1101466:2,1285481:2,1101468:2,1101525:2,1101466:0,1285481:0,1101468:0,1101525:0,0,temporal_neighbour,1,1101466:0,1101468:0,1101525:0,1285481:0,2,1,2,1,2,3,3,2,1,2,1,2,"element=4;role=temporal_neighbour;face=1101466:0|1101468:0|1101525:0|1285481:0;edge=504,560,524,10,0,0,2,4","element=4;role=temporal_neighbour;face=1101466:0|1101468:0|1101525:0|1285481:0"
cache=0:0:86766;source=0:97201;face=0:1,0,0,86766,0,97201,4,700,1168,1104,11,0,0,0,1100115:2,1100120:2,1115547:2,1115688:2,1100115:0,1100120:0,1115547:0,1115688:0,0,temporal_neighbour,1,1100115:0,1100120:0,1115688:0,1115547:0,1,2,1,2,-2,-3,3,2,1,2,1,2,"element=4;role=temporal_neighbour;face=1100115:0|1100120:0|1115688:0|1115547:0;edge=700,1168,1104,11,0,0,0,4","element=4;role=temporal_neighbour;face=1100115:0|1100120:0|1115688:0|1115547:0"
cache=0:0:87192;source=0:97629;face=0:1,0,0,87192,0,97629,4,701,1168,1104,11,0,0,0,1100115:2,1115547:2,1100120:2,1115689:2,1100115:0,1115547:0,1100120:0,1115689:0,0,temporal_neighbour,1,1100115:0,1100120:0,1115689:0,1115547:0,1,2,1,2,-2,-3,3,2,1,2,1,2,"element=4;role=temporal_neighbour;face=1100115:0|1100120:0|1115689:0|1115547:0;edge=701,1168,1104,11,0,0,0,4","element=4;role=temporal_neighbour;face=1100115:0|1100120:0|1115689:0|1115547:0"
cache=0:0:95771;source=0:106335;face=0:1,0,0,95771,0,106335,1,714,1162,1108,11,0,0,2,37389:2,37402:2,37397:2,37391:2,37389:0,37402:0,37397:0,37391:0,0,temporal_neighbour,1,37389:0,37397:0,37391:0,37402:0,2,1,2,1,2,3,3,2,1,2,1,2,"element=1;role=temporal_neighbour;face=37389:0|37397:0|37391:0|37402:0;edge=714,1162,1108,11,0,0,2,1","element=1;role=temporal_neighbour;face=37389:0|37397:0|37391:0|37402:0"
cache=0:0:95772;source=0:106336;face=0:1,0,0,95772,0,106336,2,714,1162,1108,11,0,0,2,415792:2,415810:2,415805:2,415794:2,415792:0,415810:0,415805:0,415794:0,0,temporal_neighbour,1,415792:0,415805:0,415794:0,415810:0,2,1,2,1,2,3,3,2,1,2,1,2,"element=2;role=temporal_neighbour;face=415792:0|415805:0|415794:0|415810:0;edge=714,1162,1108,11,0,0,2,2","element=2;role=temporal_neighbour;face=415792:0|415805:0|415794:0|415810:0"
cache=0:0:103639;source=0:114413;face=0:1,0,0,103639,0,114413,1,724,1156,1112,11,0,0,2,17683:2,37791:2,37773:2,37797:2,17683:0,37791:0,37773:0,37797:0,0,temporal_neighbour,1,17683:0,37773:0,37797:0,37791:0,2,1,2,1,2,3,3,2,1,2,1,2,"element=1;role=temporal_neighbour;face=17683:0|37773:0|37797:0|37791:0;edge=724,1156,1112,11,0,0,2,1","element=1;role=temporal_neighbour;face=17683:0|37773:0|37797:0|37791:0"
cache=0:0:103640;source=0:114414;face=0:1,0,0,103640,0,114414,2,724,1156,1112,11,0,0,2,383182:2,416315:2,416281:2,416323:2,383182:0,416315:0,416281:0,416323:0,0,temporal_neighbour,1,383182:0,416281:0,416323:0,416315:0,2,1,2,1,2,3,3,2,1,2,1,2,"element=2;role=temporal_neighbour;face=383182:0|416281:0|416323:0|416315:0;edge=724,1156,1112,11,0,0,2,2","element=2;role=temporal_neighbour;face=383182:0|416281:0|416323:0|416315:0"
cache=0:0:110984;source=0:121822;face=0:1,0,0,110984,0,121822,1,732,1152,1108,11,0,0,2,17404:2,37508:2,35188:2,37523:2,17404:0,37508:0,35188:0,37523:0,0,temporal_neighbour,1,17404:0,35188:0,37523:0,37508:0,2,1,2,1,2,3,3,2,1,2,1,2,"element=1;role=temporal_neighbour;face=17404:0|35188:0|37523:0|37508:0;edge=732,1152,1108,11,0,0,2,1","element=1;role=temporal_neighbour;face=17404:0|35188:0|37523:0|37508:0"
cache=0:0:110985;source=0:121823;face=0:1,0,0,110985,0,121823,2,732,1152,1108,11,0,0,2,382907:2,415955:2,412031:2,415978:2,382907:0,415955:0,412031:0,415978:0,0,temporal_neighbour,1,382907:0,412031:0,415978:0,415955:0,2,1,2,1,2,3,3,2,1,2,1,2,"element=2;role=temporal_neighbour;face=382907:0|412031:0|415978:0|415955:0;edge=732,1152,1108,11,0,0,2,2","element=2;role=temporal_neighbour;face=382907:0|412031:0|415978:0|415955:0"
cache=0:0:131032;source=0:142041;face=0:1,0,0,131032,0,142041,1,750,1142,1096,11,0,0,2,35234:2,35241:2,35239:2,35236:2,35234:0,35241:0,35239:0,35236:0,0,temporal_neighbour,1,35234:0,35239:0,35236:0,35241:0,2,1,2,1,2,3,3,2,1,2,1,2,"element=1;role=temporal_neighbour;face=35234:0|35239:0|35236:0|35241:0;edge=750,1142,1096,11,0,0,2,1","element=1;role=temporal_neighbour;face=35234:0|35239:0|35236:0|35241:0"
cache=0:0:131033;source=0:142042;face=0:1,0,0,131033,0,142042,2,750,1142,1096,11,0,0,2,412087:2,412101:2,412098:2,412090:2,412087:0,412101:0,412098:0,412090:0,0,temporal_neighbour,1,412087:0,412098:0,412090:0,412101:0,2,1,2,1,2,3,3,2,1,2,1,2,"element=2;role=temporal_neighbour;face=412087:0|412098:0|412090:0|412101:0;edge=750,1142,1096,11,0,0,2,2","element=2;role=temporal_neighbour;face=412087:0|412098:0|412090:0|412101:0"
cache=0:0:141337;source=0:152521;face=0:1,0,0,141337,0,152521,1,758,1138,1091,11,0,0,2,35422:2,35437:2,35436:2,35427:2,35422:0,35437:0,35436:0,35427:0,0,temporal_neighbour,1,35422:0,35436:0,35427:0,35437:0,2,1,2,1,2,3,3,2,1,2,1,2,"element=1;role=temporal_neighbour;face=35422:0|35436:0|35427:0|35437:0;edge=758,1138,1091,11,0,0,2,1","element=1;role=temporal_neighbour;face=35422:0|35436:0|35427:0|35437:0"
cache=0:0:141338;source=0:152522;face=0:1,0,0,141338,0,152522,2,758,1138,1091,11,0,0,2,412333:2,412346:2,412344:2,412336:2,412333:0,412346:0,412344:0,412336:0,0,temporal_neighbour,1,412333:0,412344:0,412336:0,412346:0,2,1,2,1,2,3,3,2,1,2,1,2,"element=2;role=temporal_neighbour;face=412333:0|412344:0|412336:0|412346:0;edge=758,1138,1091,11,0,0,2,2","element=2;role=temporal_neighbour;face=412333:0|412344:0|412336:0|412346:0"
cache=0:0:141340;source=0:152524;face=0:1,0,0,141340,0,152524,4,758,1138,1091,11,0,0,2,1115429:2,1115432:2,1115434:2,1115431:2,1115429:0,1115432:0,1115434:0,1115431:0,0,temporal_neighbour,1,1115429:0,1115432:0,1115431:0,1115434:0,2,1,2,1,2,3,3,2,1,2,1,2,"element=4;role=temporal_neighbour;face=1115429:0|1115432:0|1115431:0|1115434:0;edge=758,1138,1091,11,0,0,2,4","element=4;role=temporal_neighbour;face=1115429:0|1115432:0|1115431:0|1115434:0"
cache=0:0:141341;source=0:152528;face=0:1,0,0,141341,0,152528,4,758,1138,1092,11,0,0,2,1115459:2,1115464:2,1115462:2,1115461:2,1115459:0,1115464:0,1115462:0,1115461:0,0,temporal_neighbour,1,1115459:0,1115462:0,1115461:0,1115464:0,2,1,2,1,2,3,3,2,1,2,1,2,"element=4;role=temporal_neighbour;face=1115459:0|1115462:0|1115461:0|1115464:0;edge=758,1138,1092,11,0,0,2,4","element=4;role=temporal_neighbour;face=1115459:0|1115462:0|1115461:0|1115464:0"
cache=0:0:143747;source=0:154945;face=0:1,0,0,143747,0,154945,1,760,1136,1090,11,0,0,2,35193:2,35432:2,35203:2,35545:2,35193:0,35432:0,35203:0,35545:0,0,temporal_neighbour,1,35193:0,35203:0,35545:0,35432:0,2,1,2,1,2,3,3,2,1,2,1,2,"element=1;role=temporal_neighbour;face=35193:0|35203:0|35545:0|35432:0;edge=760,1136,1090,11,0,0,2,1","element=1;role=temporal_neighbour;face=35193:0|35203:0|35545:0|35432:0"
cache=0:0:143749;source=0:154947;face=0:1,0,0,143749,0,154947,2,760,1136,1091,11,0,0,2,412044:2,412343:2,412055:2,412499:2,412044:0,412343:0,412055:0,412499:0,0,temporal_neighbour,1,412044:0,412055:0,412499:0,412343:0,2,1,2,1,2,3,3,2,1,2,1,2,"element=2;role=temporal_neighbour;face=412044:0|412055:0|412499:0|412343:0;edge=760,1136,1091,11,0,0,2,2","element=2;role=temporal_neighbour;face=412044:0|412055:0|412499:0|412343:0"
cache=0:0:154204;source=0:165495;face=0:1,0,0,154204,0,165495,4,768,1132,1080,11,0,0,2,1100081:2,1127205:2,1115277:2,1127256:2,1100081:0,1127205:0,1115277:0,1127256:0,0,temporal_neighbour,1,1100081:0,1115277:0,1127256:0,1127205:0,2,1,2,1,2,3,3,2,1,2,1,2,"element=4;role=temporal_neighbour;face=1100081:0|1115277:0|1127256:0|1127205:0;edge=768,1132,1080,11,0,0,2,4","element=4;role=temporal_neighbour;face=1100081:0|1115277:0|1127256:0|1127205:0"
cache=0:0:154205;source=0:165497;face=0:1,0,0,154205,0,165497,1,768,1132,1081,11,0,0,2,17358:2,34939:2,56906:2,56949:2,17358:0,34939:0,56906:0,56949:0,0,temporal_neighbour,1,17358:0,34939:0,56949:0,56906:0,2,1,2,1,2,3,3,2,1,2,1,2,"element=1;role=temporal_neighbour;face=17358:0|34939:0|56949:0|56906:0;edge=768,1132,1081,11,0,0,2,1","element=1;role=temporal_neighbour;face=17358:0|34939:0|56949:0|56906:0"
cache=0:0:154206;source=0:165498;face=0:1,0,0,154206,0,165498,4,768,1132,1081,11,0,0,2,1100081:2,1115278:2,1127207:2,1127260:2,1100081:0,1115278:0,1127207:0,1127260:0,0,temporal_neighbour,1,1100081:0,1115278:0,1127260:0,1127207:0,2,1,2,1,2,3,3,2,1,2,1,2,"element=4;role=temporal_neighbour;face=1100081:0|1115278:0|1127260:0|1127207:0;edge=768,1132,1081,11,0,0,2,4","element=4;role=temporal_neighbour;face=1100081:0|1115278:0|1127260:0|1127207:0"
cache=0:0:154211;source=0:165506;face=0:1,0,0,154211,0,165506,2,768,1132,1082,11,0,0,2,382858:2,411758:2,447714:2,447801:2,382858:0,411758:0,447714:0,447801:0,0,temporal_neighbour,1,382858:0,411758:0,447801:0,447714:0,2,1,2,1,2,3,3,2,1,2,1,2,"element=2;role=temporal_neighbour;face=382858:0|411758:0|447801:0|447714:0;edge=768,1132,1082,11,0,0,2,2","element=2;role=temporal_neighbour;face=382858:0|411758:0|447801:0|447714:0"
cache=0:0:164851;source=0:176264;face=0:1,0,0,164851,0,176264,4,776,1128,1081,11,0,0,2,1100203:2,1127146:2,1127242:2,1127311:2,1100203:0,1127146:0,1127242:0,1127311:0,0,temporal_neighbour,1,1100203:0,1127146:0,1127311:0,1127242:0,2,1,2,1,2,3,3,2,1,2,1,2,"element=4;role=temporal_neighbour;face=1100203:0|1127146:0|1127311:0|1127242:0;edge=776,1128,1081,11,0,0,2,4","element=4;role=temporal_neighbour;face=1100203:0|1127146:0|1127311:0|1127242:0"
cache=0:0:164852;source=0:176266;face=0:1,0,0,164852,0,176266,1,776,1128,1082,11,0,0,2,17895:2,56943:2,56862:2,56997:2,17895:0,56943:0,56862:0,56997:0,0,temporal_neighbour,1,17895:0,56862:0,56997:0,56943:0,2,1,2,1,2,3,3,2,1,2,1,2,"element=1;role=temporal_neighbour;face=17895:0|56862:0|56997:0|56943:0;edge=776,1128,1082,11,0,0,2,1","element=1;role=temporal_neighbour;face=17895:0|56862:0|56997:0|56943:0"
cache=0:0:164853;source=0:176267;face=0:1,0,0,164853,0,176267,2,776,1128,1082,11,0,0,2,383376:2,447763:2,447627:2,447847:2,383376:0,447763:0,447627:0,447847:0,0,temporal_neighbour,1,383376:0,447627:0,447847:0,447763:0,2,1,2,1,2,3,3,2,1,2,1,2,"element=2;role=temporal_neighbour;face=383376:0|447627:0|447847:0|447763:0;edge=776,1128,1082,11,0,0,2,2","element=2;role=temporal_neighbour;face=383376:0|447627:0|447847:0|447763:0"
cache=0:0:164854;source=0:176268;face=0:1,0,0,164854,0,176268,4,776,1128,1082,11,0,0,2,1100203:2,1127252:2,1127150:2,1127319:2,1100203:0,1127252:0,1127150:0,1127319:0,0,temporal_neighbour,1,1100203:0,1127150:0,1127319:0,1127252:0,2,1,2,1,2,3,3,2,1,2,1,2,"element=4;role=temporal_neighbour;face=1100203:0|1127150:0|1127319:0|1127252:0;edge=776,1128,1082,11,0,0,2,4","element=4;role=temporal_neighbour;face=1100203:0|1127150:0|1127319:0|1127252:0"
cache=0:0:177645;source=0:189132;face=0:1,0,0,177645,0,189132,1,786,1122,1085,11,0,0,2,57082:2,57097:2,57092:2,57085:2,57082:0,57097:0,57092:0,57085:0,0,temporal_neighbour,1,57082:0,57092:0,57085:0,57097:0,2,1,2,1,2,3,3,2,1,2,1,2,"element=1;role=temporal_neighbour;face=57082:0|57092:0|57085:0|57097:0;edge=786,1122,1085,11,0,0,2,1","element=1;role=temporal_neighbour;face=57082:0|57092:0|57085:0|57097:0"
cache=0:0:177646;source=0:189133;face=0:1,0,0,177646,0,189133,2,786,1122,1085,11,0,0,2,447996:2,448015:2,448010:2,448000:2,447996:0,448015:0,448010:0,448000:0,0,temporal_neighbour,1,447996:0,448010:0,448000:0,448015:0,2,1,2,1,2,3,3,2,1,2,1,2,"element=2;role=temporal_neighbour;face=447996:0|448010:0|448000:0|448015:0;edge=786,1122,1085,11,0,0,2,2","element=2;role=temporal_neighbour;face=447996:0|448010:0|448000:0|448015:0"
cache=0:0:189602;source=0:201188;face=0:1,0,0,189602,0,201188,1,794,1118,1085,11,0,0,2,55844:2,55859:2,55857:2,55850:2,55844:0,55859:0,55857:0,55850:0,0,temporal_neighbour,1,55844:0,55857:0,55850:0,55859:0,2,1,2,1,2,3,3,2,1,2,1,2,"element=1;role=temporal_neighbour;face=55844:0|55857:0|55850:0|55859:0;edge=794,1118,1085,11,0,0,2,1","element=1;role=temporal_neighbour;face=55844:0|55857:0|55850:0|55859:0"
cache=0:0:189606;source=0:201194;face=0:1,0,0,189606,0,201194,2,794,1118,1086,11,0,0,2,446126:2,446159:2,446157:2,446137:2,446126:0,446159:0,446157:0,446137:0,0,temporal_neighbour,1,446126:0,446157:0,446137:0,446159:0,2,1,2,1,2,3,3,2,1,2,1,2,"element=2;role=temporal_neighbour;face=446126:0|446157:0|446137:0|446159:0;edge=794,1118,1086,11,0,0,2,2","element=2;role=temporal_neighbour;face=446126:0|446157:0|446137:0|446159:0"
cache=0:0:204925;source=0:216624;face=0:1,0,0,204925,0,216624,1,804,1112,1079,11,0,0,2,17888:2,56150:2,56019:2,56153:2,17888:0,56150:0,56019:0,56153:0,0,temporal_neighbour,1,17888:0,56019:0,56153:0,56150:0,2,1,2,1,2,3,3,2,1,2,1,2,"element=1;role=temporal_neighbour;face=17888:0|56019:0|56153:0|56150:0;edge=804,1112,1079,11,0,0,2,1","element=1;role=temporal_neighbour;face=17888:0|56019:0|56153:0|56150:0"
cache=0:0:204926;source=0:216625;face=0:1,0,0,204926,0,216625,2,804,1112,1080,11,0,0,2,383372:2,446665:2,446621:2,446670:2,383372:0,446665:0,446621:0,446670:0,0,temporal_neighbour,1,383372:0,446621:0,446670:0,446665:0,2,1,2,1,2,3,3,2,1,2,1,2,"element=2;role=temporal_neighbour;face=383372:0|446621:0|446670:0|446665:0;edge=804,1112,1080,11,0,0,2,2","element=2;role=temporal_neighbour;face=383372:0|446621:0|446670:0|446665:0"
cache=0:0:218500;source=0:230325;face=0:1,0,0,218500,0,230325,1,812,1108,1075,11,0,0,2,17889:2,56068:2,56054:2,56071:2,17889:0,56068:0,56054:0,56071:0,0,temporal_neighbour,1,17889:0,56054:0,56071:0,56068:0,2,1,2,1,2,3,3,2,1,2,1,2,"element=1;role=temporal_neighbour;face=17889:0|56054:0|56071:0|56068:0;edge=812,1108,1075,11,0,0,2,1","element=1;role=temporal_neighbour;face=17889:0|56054:0|56071:0|56068:0"
cache=0:0:218501;source=0:230326;face=0:1,0,0,218501,0,230326,2,812,1108,1075,11,0,0,2,383370:2,446478:2,446466:2,446481:2,383370:0,446478:0,446466:0,446481:0,0,temporal_neighbour,1,383370:0,446466:0,446481:0,446478:0,2,1,2,1,2,3,3,2,1,2,1,2,"element=2;role=temporal_neighbour;face=383370:0|446466:0|446481:0|446478:0;edge=812,1108,1075,11,0,0,2,2","element=2;role=temporal_neighbour;face=383370:0|446466:0|446481:0|446478:0"
cache=0:0:236808;source=0:248773;face=0:1,0,0,236808,0,248773,1,822,1102,1072,11,0,0,2,55930:2,55945:2,55942:2,55933:2,55930:0,55945:0,55942:0,55933:0,0,temporal_neighbour,1,55930:0,55942:0,55933:0,55945:0,2,1,2,1,2,3,3,2,1,2,1,2,"element=1;role=temporal_neighbour;face=55930:0|55942:0|55933:0|55945:0;edge=822,1102,1072,11,0,0,2,1","element=1;role=temporal_neighbour;face=55930:0|55942:0|55933:0|55945:0"
cache=0:0:236809;source=0:248774;face=0:1,0,0,236809,0,248774,2,822,1102,1073,11,0,0,2,446257:2,446284:2,446277:2,446262:2,446257:0,446284:0,446277:0,446262:0,0,temporal_neighbour,1,446257:0,446277:0,446262:0,446284:0,2,1,2,1,2,3,3,2,1,2,1,2,"element=2;role=temporal_neighbour;face=446257:0|446277:0|446262:0|446284:0;edge=822,1102,1073,11,0,0,2,2","element=2;role=temporal_neighbour;face=446257:0|446277:0|446262:0|446284:0"
cache=0:0:250733;source=0:262786;face=0:1,0,0,250733,0,262786,1,830,1098,1071,11,0,0,2,55900:2,55910:2,55907:2,55902:2,55900:0,55910:0,55907:0,55902:0,0,temporal_neighbour,1,55900:0,55907:0,55902:0,55910:0,2,1,2,1,2,3,3,2,1,2,1,2,"element=1;role=temporal_neighbour;face=55900:0|55907:0|55902:0|55910:0;edge=830,1098,1071,11,0,0,2,1","element=1;role=temporal_neighbour;face=55900:0|55907:0|55902:0|55910:0"
cache=0:0:250734;source=0:262788;face=0:1,0,0,250734,0,262788,2,830,1098,1072,11,0,0,2,446303:2,446321:2,446315:2,446305:2,446303:0,446321:0,446315:0,446305:0,0,temporal_neighbour,1,446303:0,446315:0,446305:0,446321:0,2,1,2,1,2,3,3,2,1,2,1,2,"element=2;role=temporal_neighbour;face=446303:0|446315:0|446305:0|446321:0;edge=830,1098,1072,11,0,0,2,2","element=2;role=temporal_neighbour;face=446303:0|446315:0|446305:0|446321:0"
cache=0:0:267595;source=0:279790;face=0:1,0,0,267595,0,279790,1,840,1092,1073,11,0,0,2,61505:2,61532:2,61553:2,61617:2,61505:0,61532:0,61553:0,61617:0,0,temporal_neighbour,1,61505:0,61532:0,61617:0,61553:0,2,1,2,1,2,3,3,2,1,2,1,2,"element=1;role=temporal_neighbour;face=61505:0|61532:0|61617:0|61553:0;edge=840,1092,1073,11,0,0,2,1","element=1;role=temporal_neighbour;face=61505:0|61532:0|61617:0|61553:0"
cache=0:0:267596;source=0:279791;face=0:1,0,0,267596,0,279791,2,840,1092,1073,11,0,0,2,454299:2,454347:2,454386:2,454523:2,454299:0,454347:0,454386:0,454523:0,0,temporal_neighbour,1,454299:0,454347:0,454523:0,454386:0,2,1,2,1,2,3,3,2,1,2,1,2,"element=2;role=temporal_neighbour;face=454299:0|454347:0|454523:0|454386:0;edge=840,1092,1073,11,0,0,2,2","element=2;role=temporal_neighbour;face=454299:0|454347:0|454523:0|454386:0"
cache=0:0:357360;source=0:376265;face=0:1,0,0,357360,0,376265,2,940,1268,1063,11,0,0,2,384607:2,977409:2,977403:2,384608:2,384607:0,977409:0,977403:0,384608:0,0,temporal_neighbour,1,384607:0,977403:0,384608:0,977409:0,2,1,2,1,2,3,3,2,1,2,1,2,"element=2;role=temporal_neighbour;face=384607:0|977403:0|384608:0|977409:0;edge=940,1268,1063,11,0,0,2,2","element=2;role=temporal_neighbour;face=384607:0|977403:0|384608:0|977409:0"
cache=0:0:359977;source=0:382997;face=0:1,0,0,359977,0,382997,1,1024,1040,1027,11,0,0,2,146441:2,18475:2,23322:2,23372:2,146441:0,18475:0,23322:0,23372:0,0,temporal_neighbour,1,18475:0,23372:0,23322:0,146441:0,1,2,1,2,-2,-3,3,2,1,2,1,2,"element=1;role=temporal_neighbour;face=18475:0|23372:0|23322:0|146441:0;edge=1024,1040,1027,11,0,0,2,1","element=1;role=temporal_neighbour;face=18475:0|23372:0|23322:0|146441:0"
cache=0:0:393747;source=0:426692;face=0:1,0,0,393747,0,426692,1,1732,2156,2143,12,0,0,2,52945:2,52984:2,52970:2,52947:2,52945:0,52984:0,52970:0,52947:0,0,temporal_neighbour,1,52945:0,52970:0,52947:0,52984:0,2,1,2,1,2,3,3,2,1,2,1,2,"element=1;role=temporal_neighbour;face=52945:0|52970:0|52947:0|52984:0;edge=1732,2156,2143,12,0,0,2,1","element=1;role=temporal_neighbour;face=52945:0|52970:0|52947:0|52984:0"
cache=0:0:393748;source=0:426693;face=0:1,0,0,393748,0,426693,2,1732,2156,2143,12,0,0,2,439964:2,439988:2,439979:2,439966:2,439964:0,439988:0,439979:0,439966:0,0,temporal_neighbour,1,439964:0,439979:0,439966:0,439988:0,2,1,2,1,2,3,3,2,1,2,1,2,"element=2;role=temporal_neighbour;face=439964:0|439979:0|439966:0|439988:0;edge=1732,2156,2143,12,0,0,2,2","element=2;role=temporal_neighbour;face=439964:0|439979:0|439966:0|439988:0"
cache=0:0:501779;source=0:539416;face=0:1,0,0,501779,0,539416,1,1816,2108,2110,12,0,0,2,17978:2,78751:2,78771:2,17980:2,17978:0,78751:0,78771:0,17980:0,0,temporal_neighbour,1,17978:0,78751:0,17980:0,78771:0,2,1,2,1,2,3,3,2,1,2,1,2,"element=1;role=temporal_neighbour;face=17978:0|78751:0|17980:0|78771:0;edge=1816,2108,2110,12,0,0,2,1","element=1;role=temporal_neighbour;face=17978:0|78751:0|17980:0|78771:0"
cache=0:0:737303;source=0:801513;face=0:1,0,0,737303,0,801513,0,2016,2048,2048,12,0,0,2,5093:2,3206:2,1525:2,3208:2,5093:0,3206:0,1525:0,3208:0,0,temporal_neighbour,1,1525:0,3208:0,3206:0,5093:0,1,2,1,2,-2,-3,3,2,1,2,1,2,"element=0;role=temporal_neighbour;face=1525:0|3208:0|3206:0|5093:0;edge=2016,2048,2048,12,0,0,2,0","element=0;role=temporal_neighbour;face=1525:0|3208:0|3206:0|5093:0"
cache=0:0:996565;source=0:1086747;face=0:1,0,0,996565,0,1086747,1,3956,4080,4140,13,0,0,1,32433:2,32441:2,8121:2,32457:2,32433:0,32441:0,8121:0,32457:0,0,temporal_neighbour,1,8121:0,32433:0,32441:0,32457:0,2,1,2,1,2,3,3,2,1,2,1,2,"element=1;role=temporal_neighbour;face=8121:0|32433:0|32441:0|32457:0;edge=3956,4080,4140,13,0,0,1,1","element=1;role=temporal_neighbour;face=8121:0|32433:0|32441:0|32457:0"
cache=0:0:1079873;source=0:1191123;face=0:1,0,0,1079873,0,1191123,4,3996,4172,4133,13,0,0,2,1211916:2,1100858:2,1211927:2,1211993:2,1211916:0,1100858:0,1211927:0,1211993:0,0,temporal_neighbour,1,1100858:0,1211916:0,1211927:0,1211993:0,2,1,2,1,2,3,3,2,1,2,1,2,"element=4;role=temporal_neighbour;face=1100858:0|1211916:0|1211927:0|1211993:0;edge=3996,4172,4133,13,0,0,2,4","element=4;role=temporal_neighbour;face=1100858:0|1211916:0|1211927:0|1211993:0"
cache=0:0:1110811;source=0:1238273;face=0:1,0,0,1110811,0,1238273,2,4017,4164,4136,13,0,0,0,383811:2,652228:2,653114:2,653191:2,383811:0,652228:0,653114:0,653191:0,0,temporal_neighbour,1,383811:0,652228:0,653191:0,653114:0,2,1,2,1,2,3,3,2,1,2,1,2,"element=2;role=temporal_neighbour;face=383811:0|652228:0|653191:0|653114:0;edge=4017,4164,4136,13,0,0,0,2","element=2;role=temporal_neighbour;face=383811:0|652228:0|653191:0|653114:0"
cache=0:0:1129852;source=0:1277255;face=0:1,0,0,1129852,0,1277255,1,4032,4216,4123,13,0,0,2,151547:2,18402:2,18509:2,159867:2,151547:0,18402:0,18509:0,159867:0,0,temporal_neighbour,1,18402:0,151547:0,18509:0,159867:0,2,1,2,1,2,3,3,2,1,2,1,2,"element=1;role=temporal_neighbour;face=18402:0|151547:0|18509:0|159867:0;edge=4032,4216,4123,13,0,0,2,1","element=1;role=temporal_neighbour;face=18402:0|151547:0|18509:0|159867:0"
cache=0:0:1148820;source=0:1314865;face=0:1,0,0,1148820,0,1314865,2,4048,4232,4128,13,0,0,2,731163:2,384086:2,384089:2,731681:2,731163:0,384086:0,384089:0,731681:0,0,temporal_neighbour,1,384086:0,731163:0,384089:0,731681:0,2,1,2,1,2,3,3,2,1,2,1,2,"element=2;role=temporal_neighbour;face=384086:0|731163:0|384089:0|731681:0;edge=4048,4232,4128,13,0,0,2,2","element=2;role=temporal_neighbour;face=384086:0|731163:0|384089:0|731681:0"
cache=0:1:1347887;source=0:106339;face=0:0,0,1,1347887,0,106339,1,714,1162,1108,11,1,1,2,37389:0,37402:0,37397:0,37391:0,37389:0,37403:0,37390:0,37391:0,0,temporal_neighbour,0,37389:0,37397:0,37391:0,37402:0,2,1,2,1,2,3,3,2,1,2,1,2,"element=1;role=temporal_neighbour;face=37389:0|37397:0|37391:0|37402:0;edge=714,1162,1108,11,1,1,2,1","element=1;role=temporal_neighbour;face=37389:0|37397:0|37391:0|37402:0"
cache=0:1:1347887;source=0:106339;face=0:1,0,1,1347887,0,106339,1,714,1162,1108,11,1,1,2,37389:0,37402:0,37397:0,37391:0,37389:0,37403:0,37390:0,37391:0,0,temporal_neighbour,1,37389:0,37390:0,37391:0,37403:0,2,3,2,3,-2,-5,5,2,1,2,1,2,"element=1;role=temporal_neighbour;face=37389:0|37390:0|37391:0|37403:0;edge=714,1162,1108,11,1,1,2,1","element=1;role=temporal_neighbour;face=37389:0|37390:0|37391:0|37403:0"
cache=0:1:1347888;source=0:106340;face=0:0,0,1,1347888,0,106340,2,714,1162,1108,11,1,1,2,415792:0,415810:0,415805:0,415794:0,415792:0,415812:0,415793:0,415794:0,0,temporal_neighbour,0,415792:0,415805:0,415794:0,415810:0,2,1,2,1,2,3,3,2,1,2,1,2,"element=2;role=temporal_neighbour;face=415792:0|415805:0|415794:0|415810:0;edge=714,1162,1108,11,1,1,2,2","element=2;role=temporal_neighbour;face=415792:0|415805:0|415794:0|415810:0"
cache=0:1:1347888;source=0:106340;face=0:1,0,1,1347888,0,106340,2,714,1162,1108,11,1,1,2,415792:0,415810:0,415805:0,415794:0,415792:0,415812:0,415793:0,415794:0,0,temporal_neighbour,1,415792:0,415793:0,415794:0,415812:0,2,3,2,3,-2,-5,5,2,1,2,1,2,"element=2;role=temporal_neighbour;face=415792:0|415793:0|415794:0|415812:0;edge=714,1162,1108,11,1,1,2,2","element=2;role=temporal_neighbour;face=415792:0|415793:0|415794:0|415812:0"
cache=0:1:1347981;source=0:121824;face=0:0,0,1,1347981,0,121824,1,732,1152,1108,11,1,1,2,17404:0,37508:0,35188:0,37523:0,17404:0,37514:0,35186:0,37523:0,0,temporal_neighbour,0,17404:0,35188:0,37523:0,37508:0,2,1,2,1,2,3,3,2,1,2,1,2,"element=1;role=temporal_neighbour;face=17404:0|35188:0|37523:0|37508:0;edge=732,1152,1108,11,1,1,2,1","element=1;role=temporal_neighbour;face=17404:0|35188:0|37523:0|37508:0"
cache=0:1:1347981;source=0:121824;face=0:1,0,1,1347981,0,121824,1,732,1152,1108,11,1,1,2,17404:0,37508:0,35188:0,37523:0,17404:0,37514:0,35186:0,37523:0,0,temporal_neighbour,1,17404:0,35186:0,37523:0,37514:0,2,3,2,3,-2,-5,5,2,1,2,1,2,"element=1;role=temporal_neighbour;face=17404:0|35186:0|37523:0|37514:0;edge=732,1152,1108,11,1,1,2,1","element=1;role=temporal_neighbour;face=17404:0|35186:0|37523:0|37514:0"
cache=0:1:1347982;source=0:121825;face=0:0,0,1,1347982,0,121825,2,732,1152,1108,11,1,1,2,382907:0,415955:0,412031:0,415978:0,382907:0,415961:0,412028:0,415978:0,0,temporal_neighbour,0,382907:0,412031:0,415978:0,415955:0,2,1,2,1,2,3,3,2,1,2,1,2,"element=2;role=temporal_neighbour;face=382907:0|412031:0|415978:0|415955:0;edge=732,1152,1108,11,1,1,2,2","element=2;role=temporal_neighbour;face=382907:0|412031:0|415978:0|415955:0"
cache=0:1:1347982;source=0:121825;face=0:1,0,1,1347982,0,121825,2,732,1152,1108,11,1,1,2,382907:0,415955:0,412031:0,415978:0,382907:0,415961:0,412028:0,415978:0,0,temporal_neighbour,1,382907:0,412028:0,415978:0,415961:0,2,3,2,3,-2,-5,5,2,1,2,1,2,"element=2;role=temporal_neighbour;face=382907:0|412028:0|415978:0|415961:0;edge=732,1152,1108,11,1,1,2,2","element=2;role=temporal_neighbour;face=382907:0|412028:0|415978:0|415961:0"
cache=0:1:1348067;source=0:142044;face=0:0,0,1,1348067,0,142044,1,750,1142,1096,11,1,1,2,35234:0,35241:0,35239:0,35236:0,35234:0,35247:0,35235:0,35236:0,0,temporal_neighbour,0,35234:0,35239:0,35236:0,35241:0,2,1,2,1,2,3,3,2,1,2,1,2,"element=1;role=temporal_neighbour;face=35234:0|35239:0|35236:0|35241:0;edge=750,1142,1096,11,1,1,2,1","element=1;role=temporal_neighbour;face=35234:0|35239:0|35236:0|35241:0"
cache=0:1:1348067;source=0:142044;face=0:1,0,1,1348067,0,142044,1,750,1142,1096,11,1,1,2,35234:0,35241:0,35239:0,35236:0,35234:0,35247:0,35235:0,35236:0,0,temporal_neighbour,1,35234:0,35235:0,35236:0,35247:0,2,3,2,3,-2,-5,5,2,1,2,1,2,"element=1;role=temporal_neighbour;face=35234:0|35235:0|35236:0|35247:0;edge=750,1142,1096,11,1,1,2,1","element=1;role=temporal_neighbour;face=35234:0|35235:0|35236:0|35247:0"
cache=0:1:1348068;source=0:142045;face=0:0,0,1,1348068,0,142045,2,750,1142,1096,11,1,1,2,412087:0,412101:0,412098:0,412090:0,412087:0,412109:0,412089:0,412090:0,0,temporal_neighbour,0,412087:0,412098:0,412090:0,412101:0,2,1,2,1,2,3,3,2,1,2,1,2,"element=2;role=temporal_neighbour;face=412087:0|412098:0|412090:0|412101:0;edge=750,1142,1096,11,1,1,2,2","element=2;role=temporal_neighbour;face=412087:0|412098:0|412090:0|412101:0"
cache=0:1:1348068;source=0:142045;face=0:1,0,1,1348068,0,142045,2,750,1142,1096,11,1,1,2,412087:0,412101:0,412098:0,412090:0,412087:0,412109:0,412089:0,412090:0,0,temporal_neighbour,1,412087:0,412089:0,412090:0,412109:0,2,3,2,3,-2,-5,5,2,1,2,1,2,"element=2;role=temporal_neighbour;face=412087:0|412089:0|412090:0|412109:0;edge=750,1142,1096,11,1,1,2,2","element=2;role=temporal_neighbour;face=412087:0|412089:0|412090:0|412109:0"
cache=0:1:1348165;source=0:152525;face=0:0,0,1,1348165,0,152525,1,758,1138,1091,11,1,1,2,35422:0,35437:0,35436:0,35427:0,35422:0,35439:0,35423:0,35427:0,0,temporal_neighbour,0,35422:0,35436:0,35427:0,35437:0,2,1,2,1,2,3,3,2,1,2,1,2,"element=1;role=temporal_neighbour;face=35422:0|35436:0|35427:0|35437:0;edge=758,1138,1091,11,1,1,2,1","element=1;role=temporal_neighbour;face=35422:0|35436:0|35427:0|35437:0"
cache=0:1:1348165;source=0:152525;face=0:1,0,1,1348165,0,152525,1,758,1138,1091,11,1,1,2,35422:0,35437:0,35436:0,35427:0,35422:0,35439:0,35423:0,35427:0,0,temporal_neighbour,1,35422:0,35423:0,35427:0,35439:0,2,3,2,3,-2,-5,5,2,1,2,1,2,"element=1;role=temporal_neighbour;face=35422:0|35423:0|35427:0|35439:0;edge=758,1138,1091,11,1,1,2,1","element=1;role=temporal_neighbour;face=35422:0|35423:0|35427:0|35439:0"
cache=0:1:1348166;source=0:152526;face=0:0,0,1,1348166,0,152526,2,758,1138,1091,11,1,1,2,412333:0,412346:0,412344:0,412336:0,412333:0,412348:0,412334:0,412336:0,0,temporal_neighbour,0,412333:0,412344:0,412336:0,412346:0,2,1,2,1,2,3,3,2,1,2,1,2,"element=2;role=temporal_neighbour;face=412333:0|412344:0|412336:0|412346:0;edge=758,1138,1091,11,1,1,2,2","element=2;role=temporal_neighbour;face=412333:0|412344:0|412336:0|412346:0"
cache=0:1:1348166;source=0:152526;face=0:1,0,1,1348166,0,152526,2,758,1138,1091,11,1,1,2,412333:0,412346:0,412344:0,412336:0,412333:0,412348:0,412334:0,412336:0,0,temporal_neighbour,1,412333:0,412334:0,412336:0,412348:0,2,3,2,3,-2,-5,5,2,1,2,1,2,"element=2;role=temporal_neighbour;face=412333:0|412334:0|412336:0|412348:0;edge=758,1138,1091,11,1,1,2,2","element=2;role=temporal_neighbour;face=412333:0|412334:0|412336:0|412348:0"
cache=0:1:1348167;source=0:152527;face=0:0,0,1,1348167,0,152527,4,758,1138,1091,11,1,1,2,1115429:0,1115432:0,1115434:0,1115431:0,1115429:0,1115430:0,1115438:0,1115431:0,0,temporal_neighbour,0,1115429:0,1115432:0,1115431:0,1115434:0,2,1,2,1,2,3,3,2,1,2,1,2,"element=4;role=temporal_neighbour;face=1115429:0|1115432:0|1115431:0|1115434:0;edge=758,1138,1091,11,1,1,2,4","element=4;role=temporal_neighbour;face=1115429:0|1115432:0|1115431:0|1115434:0"
cache=0:1:1348167;source=0:152527;face=0:1,0,1,1348167,0,152527,4,758,1138,1091,11,1,1,2,1115429:0,1115432:0,1115434:0,1115431:0,1115429:0,1115430:0,1115438:0,1115431:0,0,temporal_neighbour,1,1115429:0,1115430:0,1115431:0,1115438:0,2,3,2,3,-2,-5,5,2,1,2,1,2,"element=4;role=temporal_neighbour;face=1115429:0|1115430:0|1115431:0|1115438:0;edge=758,1138,1091,11,1,1,2,4","element=4;role=temporal_neighbour;face=1115429:0|1115430:0|1115431:0|1115438:0"
cache=0:1:1348168;source=0:152532;face=0:0,0,1,1348168,0,152532,4,758,1138,1092,11,1,1,2,1115459:0,1115464:0,1115462:0,1115461:0,1115459:0,1115470:0,1115460:0,1115461:0,0,temporal_neighbour,0,1115459:0,1115462:0,1115461:0,1115464:0,2,1,2,1,2,3,3,2,1,2,1,2,"element=4;role=temporal_neighbour;face=1115459:0|1115462:0|1115461:0|1115464:0;edge=758,1138,1092,11,1,1,2,4","element=4;role=temporal_neighbour;face=1115459:0|1115462:0|1115461:0|1115464:0"
cache=0:1:1348168;source=0:152532;face=0:1,0,1,1348168,0,152532,4,758,1138,1092,11,1,1,2,1115459:0,1115464:0,1115462:0,1115461:0,1115459:0,1115470:0,1115460:0,1115461:0,0,temporal_neighbour,1,1115459:0,1115460:0,1115461:0,1115470:0,2,3,2,3,-2,-5,5,2,1,2,1,2,"element=4;role=temporal_neighbour;face=1115459:0|1115460:0|1115461:0|1115470:0;edge=758,1138,1092,11,1,1,2,4","element=4;role=temporal_neighbour;face=1115459:0|1115460:0|1115461:0|1115470:0"
cache=0:1:1348208;source=0:165496;face=0:0,0,1,1348208,0,165496,4,768,1132,1080,11,1,1,2,1100081:0,1127205:0,1115277:0,1127256:0,1100081:0,1127203:0,1115279:0,1127256:0,0,temporal_neighbour,0,1100081:0,1115277:0,1127256:0,1127205:0,2,1,2,1,2,3,3,2,1,2,1,2,"element=4;role=temporal_neighbour;face=1100081:0|1115277:0|1127256:0|1127205:0;edge=768,1132,1080,11,1,1,2,4","element=4;role=temporal_neighbour;face=1100081:0|1115277:0|1127256:0|1127205:0"
cache=0:1:1348208;source=0:165496;face=0:1,0,1,1348208,0,165496,4,768,1132,1080,11,1,1,2,1100081:0,1127205:0,1115277:0,1127256:0,1100081:0,1127203:0,1115279:0,1127256:0,0,temporal_neighbour,1,1100081:0,1115279:0,1127256:0,1127203:0,2,3,2,3,-2,-5,5,2,1,2,1,2,"element=4;role=temporal_neighbour;face=1100081:0|1115279:0|1127256:0|1127203:0;edge=768,1132,1080,11,1,1,2,4","element=4;role=temporal_neighbour;face=1100081:0|1115279:0|1127256:0|1127203:0"
cache=0:1:1348209;source=0:165503;face=0:0,0,1,1348209,0,165503,1,768,1132,1081,11,1,1,2,17358:0,34939:0,56906:0,56949:0,17358:0,34941:0,56900:0,56949:0,0,temporal_neighbour,0,17358:0,34939:0,56949:0,56906:0,2,1,2,1,2,3,3,2,1,2,1,2,"element=1;role=temporal_neighbour;face=17358:0|34939:0|56949:0|56906:0;edge=768,1132,1081,11,1,1,2,1","element=1;role=temporal_neighbour;face=17358:0|34939:0|56949:0|56906:0"
cache=0:1:1348209;source=0:165503;face=0:1,0,1,1348209,0,165503,1,768,1132,1081,11,1,1,2,17358:0,34939:0,56906:0,56949:0,17358:0,34941:0,56900:0,56949:0,0,temporal_neighbour,1,17358:0,34941:0,56949:0,56900:0,2,3,2,3,-2,-5,5,2,1,2,1,2,"element=1;role=temporal_neighbour;face=17358:0|34941:0|56949:0|56900:0;edge=768,1132,1081,11,1,1,2,1","element=1;role=temporal_neighbour;face=17358:0|34941:0|56949:0|56900:0"
cache=0:1:1348210;source=0:165504;face=0:0,0,1,1348210,0,165504,4,768,1132,1081,11,1,1,2,1100081:0,1115278:0,1127207:0,1127260:0,1100081:0,1115280:0,1127203:0,1127260:0,0,temporal_neighbour,0,1100081:0,1115278:0,1127260:0,1127207:0,2,1,2,1,2,3,3,2,1,2,1,2,"element=4;role=temporal_neighbour;face=1100081:0|1115278:0|1127260:0|1127207:0;edge=768,1132,1081,11,1,1,2,4","element=4;role=temporal_neighbour;face=1100081:0|1115278:0|1127260:0|1127207:0"
cache=0:1:1348210;source=0:165504;face=0:1,0,1,1348210,0,165504,4,768,1132,1081,11,1,1,2,1100081:0,1115278:0,1127207:0,1127260:0,1100081:0,1115280:0,1127203:0,1127260:0,0,temporal_neighbour,1,1100081:0,1115280:0,1127260:0,1127203:0,2,3,2,3,-2,-5,5,2,1,2,1,2,"element=4;role=temporal_neighbour;face=1100081:0|1115280:0|1127260:0|1127203:0;edge=768,1132,1081,11,1,1,2,4","element=4;role=temporal_neighbour;face=1100081:0|1115280:0|1127260:0|1127203:0"
cache=0:1:1348212;source=0:165508;face=0:0,0,1,1348212,0,165508,2,768,1132,1082,11,1,1,2,382858:0,411758:0,447714:0,447801:0,382858:0,411765:0,447696:0,447801:0,0,temporal_neighbour,0,382858:0,411758:0,447801:0,447714:0,2,1,2,1,2,3,3,2,1,2,1,2,"element=2;role=temporal_neighbour;face=382858:0|411758:0|447801:0|447714:0;edge=768,1132,1082,11,1,1,2,2","element=2;role=temporal_neighbour;face=382858:0|411758:0|447801:0|447714:0"
cache=0:1:1348212;source=0:165508;face=0:1,0,1,1348212,0,165508,2,768,1132,1082,11,1,1,2,382858:0,411758:0,447714:0,447801:0,382858:0,411765:0,447696:0,447801:0,0,temporal_neighbour,1,382858:0,411765:0,447801:0,447696:0,2,3,2,3,-2,-5,5,2,1,2,1,2,"element=2;role=temporal_neighbour;face=382858:0|411765:0|447801:0|447696:0;edge=768,1132,1082,11,1,1,2,2","element=2;role=temporal_neighbour;face=382858:0|411765:0|447801:0|447696:0"
cache=0:1:1348285;source=0:176265;face=0:0,0,1,1348285,0,176265,4,776,1128,1081,11,1,1,2,1100203:0,1127146:0,1127242:0,1127311:0,1100203:0,1127137:0,1127249:0,1127311:0,0,temporal_neighbour,0,1100203:0,1127146:0,1127311:0,1127242:0,2,1,2,1,2,3,3,2,1,2,1,2,"element=4;role=temporal_neighbour;face=1100203:0|1127146:0|1127311:0|1127242:0;edge=776,1128,1081,11,1,1,2,4","element=4;role=temporal_neighbour;face=1100203:0|1127146:0|1127311:0|1127242:0"
cache=0:1:1348285;source=0:176265;face=0:1,0,1,1348285,0,176265,4,776,1128,1081,11,1,1,2,1100203:0,1127146:0,1127242:0,1127311:0,1100203:0,1127137:0,1127249:0,1127311:0,0,temporal_neighbour,1,1100203:0,1127137:0,1127311:0,1127249:0,2,3,2,3,-2,-5,5,2,1,2,1,2,"element=4;role=temporal_neighbour;face=1100203:0|1127137:0|1127311:0|1127249:0;edge=776,1128,1081,11,1,1,2,4","element=4;role=temporal_neighbour;face=1100203:0|1127137:0|1127311:0|1127249:0"
cache=0:1:1348286;source=0:176270;face=0:0,0,1,1348286,0,176270,1,776,1128,1082,11,1,1,2,17895:0,56943:0,56862:0,56997:0,17895:0,56944:0,56855:0,56997:0,0,temporal_neighbour,0,17895:0,56862:0,56997:0,56943:0,2,1,2,1,2,3,3,2,1,2,1,2,"element=1;role=temporal_neighbour;face=17895:0|56862:0|56997:0|56943:0;edge=776,1128,1082,11,1,1,2,1","element=1;role=temporal_neighbour;face=17895:0|56862:0|56997:0|56943:0"
cache=0:1:1348286;source=0:176270;face=0:1,0,1,1348286,0,176270,1,776,1128,1082,11,1,1,2,17895:0,56943:0,56862:0,56997:0,17895:0,56944:0,56855:0,56997:0,0,temporal_neighbour,1,17895:0,56855:0,56997:0,56944:0,2,3,2,3,-2,-5,5,2,1,2,1,2,"element=1;role=temporal_neighbour;face=17895:0|56855:0|56997:0|56944:0;edge=776,1128,1082,11,1,1,2,1","element=1;role=temporal_neighbour;face=17895:0|56855:0|56997:0|56944:0"
cache=0:1:1348287;source=0:176271;face=0:0,0,1,1348287,0,176271,2,776,1128,1082,11,1,1,2,383376:0,447763:0,447627:0,447847:0,383376:0,447767:0,447621:0,447847:0,0,temporal_neighbour,0,383376:0,447627:0,447847:0,447763:0,2,1,2,1,2,3,3,2,1,2,1,2,"element=2;role=temporal_neighbour;face=383376:0|447627:0|447847:0|447763:0;edge=776,1128,1082,11,1,1,2,2","element=2;role=temporal_neighbour;face=383376:0|447627:0|447847:0|447763:0"
cache=0:1:1348287;source=0:176271;face=0:1,0,1,1348287,0,176271,2,776,1128,1082,11,1,1,2,383376:0,447763:0,447627:0,447847:0,383376:0,447767:0,447621:0,447847:0,0,temporal_neighbour,1,383376:0,447621:0,447847:0,447767:0,2,3,2,3,-2,-5,5,2,1,2,1,2,"element=2;role=temporal_neighbour;face=383376:0|447621:0|447847:0|447767:0;edge=776,1128,1082,11,1,1,2,2","element=2;role=temporal_neighbour;face=383376:0|447621:0|447847:0|447767:0"
cache=0:1:1348288;source=0:176272;face=0:0,0,1,1348288,0,176272,4,776,1128,1082,11,1,1,2,1100203:0,1127252:0,1127150:0,1127319:0,1100203:0,1127254:0,1127138:0,1127319:0,0,temporal_neighbour,0,1100203:0,1127150:0,1127319:0,1127252:0,2,1,2,1,2,3,3,2,1,2,1,2,"element=4;role=temporal_neighbour;face=1100203:0|1127150:0|1127319:0|1127252:0;edge=776,1128,1082,11,1,1,2,4","element=4;role=temporal_neighbour;face=1100203:0|1127150:0|1127319:0|1127252:0"
cache=0:1:1348288;source=0:176272;face=0:1,0,1,1348288,0,176272,4,776,1128,1082,11,1,1,2,1100203:0,1127252:0,1127150:0,1127319:0,1100203:0,1127254:0,1127138:0,1127319:0,0,temporal_neighbour,1,1100203:0,1127138:0,1127319:0,1127254:0,2,3,2,3,-2,-5,5,2,1,2,1,2,"element=4;role=temporal_neighbour;face=1100203:0|1127138:0|1127319:0|1127254:0;edge=776,1128,1082,11,1,1,2,4","element=4;role=temporal_neighbour;face=1100203:0|1127138:0|1127319:0|1127254:0"
cache=0:1:1348349;source=0:201192;face=0:0,0,1,1348349,0,201192,1,794,1118,1085,11,1,1,2,55844:0,55859:0,55857:0,55850:0,55844:0,55863:0,55845:0,55850:0,0,temporal_neighbour,0,55844:0,55857:0,55850:0,55859:0,2,1,2,1,2,3,3,2,1,2,1,2,"element=1;role=temporal_neighbour;face=55844:0|55857:0|55850:0|55859:0;edge=794,1118,1085,11,1,1,2,1","element=1;role=temporal_neighbour;face=55844:0|55857:0|55850:0|55859:0"
cache=0:1:1348349;source=0:201192;face=0:1,0,1,1348349,0,201192,1,794,1118,1085,11,1,1,2,55844:0,55859:0,55857:0,55850:0,55844:0,55863:0,55845:0,55850:0,0,temporal_neighbour,1,55844:0,55845:0,55850:0,55863:0,2,3,2,3,-2,-5,5,2,1,2,1,2,"element=1;role=temporal_neighbour;face=55844:0|55845:0|55850:0|55863:0;edge=794,1118,1085,11,1,1,2,1","element=1;role=temporal_neighbour;face=55844:0|55845:0|55850:0|55863:0"
cache=0:1:1348351;source=0:201197;face=0:0,0,1,1348351,0,201197,2,794,1118,1086,11,1,1,2,446126:0,446159:0,446157:0,446137:0,446126:0,446163:0,446136:0,446137:0,0,temporal_neighbour,0,446126:0,446157:0,446137:0,446159:0,2,1,2,1,2,3,3,2,1,2,1,2,"element=2;role=temporal_neighbour;face=446126:0|446157:0|446137:0|446159:0;edge=794,1118,1086,11,1,1,2,2","element=2;role=temporal_neighbour;face=446126:0|446157:0|446137:0|446159:0"
cache=0:1:1348351;source=0:201197;face=0:1,0,1,1348351,0,201197,2,794,1118,1086,11,1,1,2,446126:0,446159:0,446157:0,446137:0,446126:0,446163:0,446136:0,446137:0,0,temporal_neighbour,1,446126:0,446136:0,446137:0,446163:0,2,3,2,3,-2,-5,5,2,1,2,1,2,"element=2;role=temporal_neighbour;face=446126:0|446136:0|446137:0|446163:0;edge=794,1118,1086,11,1,1,2,2","element=2;role=temporal_neighbour;face=446126:0|446136:0|446137:0|446163:0"
cache=0:1:1348465;source=0:230327;face=0:0,0,1,1348465,0,230327,1,812,1108,1075,11,1,1,2,17889:0,56068:0,56054:0,56071:0,17889:0,56070:0,56041:0,56071:0,0,temporal_neighbour,0,17889:0,56054:0,56071:0,56068:0,2,1,2,1,2,3,3,2,1,2,1,2,"element=1;role=temporal_neighbour;face=17889:0|56054:0|56071:0|56068:0;edge=812,1108,1075,11,1,1,2,1","element=1;role=temporal_neighbour;face=17889:0|56054:0|56071:0|56068:0"
cache=0:1:1348465;source=0:230327;face=0:1,0,1,1348465,0,230327,1,812,1108,1075,11,1,1,2,17889:0,56068:0,56054:0,56071:0,17889:0,56070:0,56041:0,56071:0,0,temporal_neighbour,1,17889:0,56041:0,56071:0,56070:0,2,3,2,3,-2,-5,5,2,1,2,1,2,"element=1;role=temporal_neighbour;face=17889:0|56041:0|56071:0|56070:0;edge=812,1108,1075,11,1,1,2,1","element=1;role=temporal_neighbour;face=17889:0|56041:0|56071:0|56070:0"
cache=0:1:1348466;source=0:230328;face=0:0,0,1,1348466,0,230328,2,812,1108,1075,11,1,1,2,383370:0,446478:0,446466:0,446481:0,383370:0,446480:0,446453:0,446481:0,0,temporal_neighbour,0,383370:0,446466:0,446481:0,446478:0,2,1,2,1,2,3,3,2,1,2,1,2,"element=2;role=temporal_neighbour;face=383370:0|446466:0|446481:0|446478:0;edge=812,1108,1075,11,1,1,2,2","element=2;role=temporal_neighbour;face=383370:0|446466:0|446481:0|446478:0"
cache=0:1:1348466;source=0:230328;face=0:1,0,1,1348466,0,230328,2,812,1108,1075,11,1,1,2,383370:0,446478:0,446466:0,446481:0,383370:0,446480:0,446453:0,446481:0,0,temporal_neighbour,1,383370:0,446453:0,446481:0,446480:0,2,3,2,3,-2,-5,5,2,1,2,1,2,"element=2;role=temporal_neighbour;face=383370:0|446453:0|446481:0|446480:0;edge=812,1108,1075,11,1,1,2,2","element=2;role=temporal_neighbour;face=383370:0|446453:0|446481:0|446480:0"
cache=0:1:1348560;source=0:262787;face=0:0,0,1,1348560,0,262787,1,830,1098,1071,11,1,1,2,55900:0,55910:0,55907:0,55902:0,55900:0,55914:0,55901:0,55902:0,0,temporal_neighbour,0,55900:0,55907:0,55902:0,55910:0,2,1,2,1,2,3,3,2,1,2,1,2,"element=1;role=temporal_neighbour;face=55900:0|55907:0|55902:0|55910:0;edge=830,1098,1071,11,1,1,2,1","element=1;role=temporal_neighbour;face=55900:0|55907:0|55902:0|55910:0"
cache=0:1:1348560;source=0:262787;face=0:1,0,1,1348560,0,262787,1,830,1098,1071,11,1,1,2,55900:0,55910:0,55907:0,55902:0,55900:0,55914:0,55901:0,55902:0,0,temporal_neighbour,1,55900:0,55901:0,55902:0,55914:0,2,3,2,3,-2,-5,5,2,1,2,1,2,"element=1;role=temporal_neighbour;face=55900:0|55901:0|55902:0|55914:0;edge=830,1098,1071,11,1,1,2,1","element=1;role=temporal_neighbour;face=55900:0|55901:0|55902:0|55914:0"
cache=0:1:1348561;source=0:262789;face=0:0,0,1,1348561,0,262789,2,830,1098,1072,11,1,1,2,446303:0,446321:0,446315:0,446305:0,446303:0,446327:0,446304:0,446305:0,0,temporal_neighbour,0,446303:0,446315:0,446305:0,446321:0,2,1,2,1,2,3,3,2,1,2,1,2,"element=2;role=temporal_neighbour;face=446303:0|446315:0|446305:0|446321:0;edge=830,1098,1072,11,1,1,2,2","element=2;role=temporal_neighbour;face=446303:0|446315:0|446305:0|446321:0"
cache=0:1:1348561;source=0:262789;face=0:1,0,1,1348561,0,262789,2,830,1098,1072,11,1,1,2,446303:0,446321:0,446315:0,446305:0,446303:0,446327:0,446304:0,446305:0,0,temporal_neighbour,1,446303:0,446304:0,446305:0,446327:0,2,3,2,3,-2,-5,5,2,1,2,1,2,"element=2;role=temporal_neighbour;face=446303:0|446304:0|446305:0|446327:0;edge=830,1098,1072,11,1,1,2,2","element=2;role=temporal_neighbour;face=446303:0|446304:0|446305:0|446327:0"
cache=0:1:1351652;source=0:426695;face=0:0,0,1,1351652,0,426695,1,1732,2156,2143,12,1,1,2,52945:0,52984:0,52970:0,52947:0,52945:0,53006:0,52946:0,52947:0,0,temporal_neighbour,0,52945:0,52970:0,52947:0,52984:0,2,1,2,1,2,3,3,2,1,2,1,2,"element=1;role=temporal_neighbour;face=52945:0|52970:0|52947:0|52984:0;edge=1732,2156,2143,12,1,1,2,1","element=1;role=temporal_neighbour;face=52945:0|52970:0|52947:0|52984:0"
cache=0:1:1351652;source=0:426695;face=0:1,0,1,1351652,0,426695,1,1732,2156,2143,12,1,1,2,52945:0,52984:0,52970:0,52947:0,52945:0,53006:0,52946:0,52947:0,0,temporal_neighbour,1,52945:0,52946:0,52947:0,53006:0,2,3,2,3,-2,-5,5,2,1,2,1,2,"element=1;role=temporal_neighbour;face=52945:0|52946:0|52947:0|53006:0;edge=1732,2156,2143,12,1,1,2,1","element=1;role=temporal_neighbour;face=52945:0|52946:0|52947:0|53006:0"
cache=0:1:1351653;source=0:426696;face=0:0,0,1,1351653,0,426696,2,1732,2156,2143,12,1,1,2,439964:0,439988:0,439979:0,439966:0,439964:0,440002:0,439965:0,439966:0,0,temporal_neighbour,0,439964:0,439979:0,439966:0,439988:0,2,1,2,1,2,3,3,2,1,2,1,2,"element=2;role=temporal_neighbour;face=439964:0|439979:0|439966:0|439988:0;edge=1732,2156,2143,12,1,1,2,2","element=2;role=temporal_neighbour;face=439964:0|439979:0|439966:0|439988:0"
cache=0:1:1351653;source=0:426696;face=0:1,0,1,1351653,0,426696,2,1732,2156,2143,12,1,1,2,439964:0,439988:0,439979:0,439966:0,439964:0,440002:0,439965:0,439966:0,0,temporal_neighbour,1,439964:0,439965:0,439966:0,440002:0,2,3,2,3,-2,-5,5,2,1,2,1,2,"element=2;role=temporal_neighbour;face=439964:0|439965:0|439966:0|440002:0;edge=1732,2156,2143,12,1,1,2,2","element=2;role=temporal_neighbour;face=439964:0|439965:0|439966:0|440002:0"
cache=0:1:1366900;source=0:1086748;face=0:0,0,1,1366900,0,1086748,1,3956,4080,4140,13,1,1,1,32433:0,32441:0,8121:0,32457:0,32435:0,32441:0,8121:0,32461:0,0,temporal_neighbour,0,8121:0,32433:0,32441:0,32457:0,2,1,2,1,2,3,3,2,1,2,1,2,"element=1;role=temporal_neighbour;face=8121:0|32433:0|32441:0|32457:0;edge=3956,4080,4140,13,1,1,1,1","element=1;role=temporal_neighbour;face=8121:0|32433:0|32441:0|32457:0"
cache=0:1:1366900;source=0:1086748;face=0:1,0,1,1366900,0,1086748,1,3956,4080,4140,13,1,1,1,32433:0,32441:0,8121:0,32457:0,32435:0,32441:0,8121:0,32461:0,0,temporal_neighbour,1,8121:0,32435:0,32441:0,32461:0,2,3,2,3,-2,-5,5,2,1,2,1,2,"element=1;role=temporal_neighbour;face=8121:0|32435:0|32441:0|32461:0;edge=3956,4080,4140,13,1,1,1,1","element=1;role=temporal_neighbour;face=8121:0|32435:0|32441:0|32461:0"
cache=0:1:1373424;source=0:1191124;face=0:0,0,1,1373424,0,1191124,4,3996,4172,4133,13,1,1,2,1211916:0,1100858:0,1211927:0,1211993:0,1211918:0,1100858:0,1211927:0,1211995:0,0,temporal_neighbour,0,1100858:0,1211916:0,1211927:0,1211993:0,2,1,2,1,2,3,3,2,1,2,1,2,"element=4;role=temporal_neighbour;face=1100858:0|1211916:0|1211927:0|1211993:0;edge=3996,4172,4133,13,1,1,2,4","element=4;role=temporal_neighbour;face=1100858:0|1211916:0|1211927:0|1211993:0"
cache=0:1:1373424;source=0:1191124;face=0:1,0,1,1373424,0,1191124,4,3996,4172,4133,13,1,1,2,1211916:0,1100858:0,1211927:0,1211993:0,1211918:0,1100858:0,1211927:0,1211995:0,0,temporal_neighbour,1,1100858:0,1211918:0,1211927:0,1211995:0,2,3,2,3,-2,-5,5,2,1,2,1,2,"element=4;role=temporal_neighbour;face=1100858:0|1211918:0|1211927:0|1211995:0;edge=3996,4172,4133,13,1,1,2,4","element=4;role=temporal_neighbour;face=1100858:0|1211918:0|1211927:0|1211995:0"
cache=0:1:1380650;source=0:1238276;face=0:0,0,1,1380650,0,1238276,2,4017,4164,4136,13,1,1,0,383811:0,652228:0,653114:0,653191:0,383811:0,652241:0,653115:0,653191:0,0,temporal_neighbour,0,383811:0,652228:0,653191:0,653114:0,2,1,2,1,2,3,3,2,1,2,1,2,"element=2;role=temporal_neighbour;face=383811:0|652228:0|653191:0|653114:0;edge=4017,4164,4136,13,1,1,0,2","element=2;role=temporal_neighbour;face=383811:0|652228:0|653191:0|653114:0"
cache=0:1:1380650;source=0:1238276;face=0:1,0,1,1380650,0,1238276,2,4017,4164,4136,13,1,1,0,383811:0,652228:0,653114:0,653191:0,383811:0,652241:0,653115:0,653191:0,0,temporal_neighbour,1,383811:0,652241:0,653191:0,653115:0,2,3,2,3,-2,-5,5,2,1,2,1,2,"element=2;role=temporal_neighbour;face=383811:0|652241:0|653191:0|653115:0;edge=4017,4164,4136,13,1,1,0,2","element=2;role=temporal_neighbour;face=383811:0|652241:0|653191:0|653115:0"
cache=0:1:1389547;source=0:1277256;face=0:0,0,1,1389547,0,1277256,1,4032,4216,4123,13,1,1,2,151547:0,18402:0,18509:0,159867:0,151561:0,18402:0,18509:0,159890:0,0,temporal_neighbour,0,18402:0,151547:0,18509:0,159867:0,2,1,2,1,2,3,3,2,1,2,1,2,"element=1;role=temporal_neighbour;face=18402:0|151547:0|18509:0|159867:0;edge=4032,4216,4123,13,1,1,2,1","element=1;role=temporal_neighbour;face=18402:0|151547:0|18509:0|159867:0"
cache=0:1:1389547;source=0:1277256;face=0:1,0,1,1389547,0,1277256,1,4032,4216,4123,13,1,1,2,151547:0,18402:0,18509:0,159867:0,151561:0,18402:0,18509:0,159890:0,0,temporal_neighbour,1,18402:0,151561:0,18509:0,159890:0,2,3,2,3,-2,-5,5,2,1,2,1,2,"element=1;role=temporal_neighbour;face=18402:0|151561:0|18509:0|159890:0;edge=4032,4216,4123,13,1,1,2,1","element=1;role=temporal_neighbour;face=18402:0|151561:0|18509:0|159890:0"
cache=0:1:1396304;source=0:1314867;face=0:0,0,1,1396304,0,1314867,2,4048,4232,4128,13,1,1,2,731163:0,384086:0,384089:0,731681:0,731171:0,384086:0,384089:0,731687:0,0,temporal_neighbour,0,384086:0,731163:0,384089:0,731681:0,2,1,2,1,2,3,3,2,1,2,1,2,"element=2;role=temporal_neighbour;face=384086:0|731163:0|384089:0|731681:0;edge=4048,4232,4128,13,1,1,2,2","element=2;role=temporal_neighbour;face=384086:0|731163:0|384089:0|731681:0"
cache=0:1:1396304;source=0:1314867;face=0:1,0,1,1396304,0,1314867,2,4048,4232,4128,13,1,1,2,731163:0,384086:0,384089:0,731681:0,731171:0,384086:0,384089:0,731687:0,0,temporal_neighbour,1,384086:0,731171:0,384089:0,731687:0,2,3,2,3,-2,-5,5,2,1,2,1,2,"element=2;role=temporal_neighbour;face=384086:0|731171:0|384089:0|731687:0;edge=4048,4232,4128,13,1,1,2,2","element=2;role=temporal_neighbour;face=384086:0|731171:0|384089:0|731687:0"
cache=0:1:1412575;source=0:1505778;face=0:0,0,1,1412575,0,1505778,1,714,1162,1108,11,1,1,2,37389:0,37402:0,37397:0,37391:0,37389:0,37403:0,37390:0,37391:0,0,temporal_neighbour,0,37389:0,37397:0,37391:0,37402:0,2,1,2,1,2,3,3,2,1,2,1,2,"element=1;role=temporal_neighbour;face=37389:0|37397:0|37391:0|37402:0;edge=714,1162,1108,11,1,1,2,1","element=1;role=temporal_neighbour;face=37389:0|37397:0|37391:0|37402:0"
cache=0:1:1412575;source=0:1505778;face=0:1,0,1,1412575,0,1505778,1,714,1162,1108,11,1,1,2,37389:0,37402:0,37397:0,37391:0,37389:0,37403:0,37390:0,37391:0,0,temporal_neighbour,1,37389:0,37390:0,37391:0,37403:0,2,3,2,3,-2,-5,5,2,1,2,1,2,"element=1;role=temporal_neighbour;face=37389:0|37390:0|37391:0|37403:0;edge=714,1162,1108,11,1,1,2,1","element=1;role=temporal_neighbour;face=37389:0|37390:0|37391:0|37403:0"
cache=0:1:1412576;source=0:1505779;face=0:0,0,1,1412576,0,1505779,2,714,1162,1108,11,1,1,2,415792:0,415810:0,415805:0,415794:0,415792:0,415812:0,415793:0,415794:0,0,temporal_neighbour,0,415792:0,415805:0,415794:0,415810:0,2,1,2,1,2,3,3,2,1,2,1,2,"element=2;role=temporal_neighbour;face=415792:0|415805:0|415794:0|415810:0;edge=714,1162,1108,11,1,1,2,2","element=2;role=temporal_neighbour;face=415792:0|415805:0|415794:0|415810:0"
cache=0:1:1412576;source=0:1505779;face=0:1,0,1,1412576,0,1505779,2,714,1162,1108,11,1,1,2,415792:0,415810:0,415805:0,415794:0,415792:0,415812:0,415793:0,415794:0,0,temporal_neighbour,1,415792:0,415793:0,415794:0,415812:0,2,3,2,3,-2,-5,5,2,1,2,1,2,"element=2;role=temporal_neighbour;face=415792:0|415793:0|415794:0|415812:0;edge=714,1162,1108,11,1,1,2,2","element=2;role=temporal_neighbour;face=415792:0|415793:0|415794:0|415812:0"
cache=0:1:1412817;source=0:1513912;face=0:0,0,1,1412817,0,1513912,1,724,1156,1112,11,1,1,2,17683:0,37791:0,37773:0,37797:0,17683:0,37778:0,37771:0,37797:0,0,temporal_neighbour,0,17683:0,37773:0,37797:0,37791:0,2,1,2,1,2,3,3,2,1,2,1,2,"element=1;role=temporal_neighbour;face=17683:0|37773:0|37797:0|37791:0;edge=724,1156,1112,11,1,1,2,1","element=1;role=temporal_neighbour;face=17683:0|37773:0|37797:0|37791:0"
cache=0:1:1412817;source=0:1513912;face=0:1,0,1,1412817,0,1513912,1,724,1156,1112,11,1,1,2,17683:0,37791:0,37773:0,37797:0,17683:0,37778:0,37771:0,37797:0,0,temporal_neighbour,1,17683:0,37771:0,37797:0,37778:0,2,3,2,3,-2,-5,5,2,1,2,1,2,"element=1;role=temporal_neighbour;face=17683:0|37771:0|37797:0|37778:0;edge=724,1156,1112,11,1,1,2,1","element=1;role=temporal_neighbour;face=17683:0|37771:0|37797:0|37778:0"
cache=0:1:1412818;source=0:1513913;face=0:0,0,1,1412818,0,1513913,2,724,1156,1112,11,1,1,2,383182:0,416315:0,416281:0,416323:0,383182:0,416294:0,416278:0,416323:0,0,temporal_neighbour,0,383182:0,416281:0,416323:0,416315:0,2,1,2,1,2,3,3,2,1,2,1,2,"element=2;role=temporal_neighbour;face=383182:0|416281:0|416323:0|416315:0;edge=724,1156,1112,11,1,1,2,2","element=2;role=temporal_neighbour;face=383182:0|416281:0|416323:0|416315:0"
cache=0:1:1412818;source=0:1513913;face=0:1,0,1,1412818,0,1513913,2,724,1156,1112,11,1,1,2,383182:0,416315:0,416281:0,416323:0,383182:0,416294:0,416278:0,416323:0,0,temporal_neighbour,1,383182:0,416278:0,416323:0,416294:0,2,3,2,3,-2,-5,5,2,1,2,1,2,"element=2;role=temporal_neighbour;face=383182:0|416278:0|416323:0|416294:0;edge=724,1156,1112,11,1,1,2,2","element=2;role=temporal_neighbour;face=383182:0|416278:0|416323:0|416294:0"
cache=0:1:1412913;source=0:1521362;face=0:0,0,1,1412913,0,1521362,1,732,1152,1108,11,1,1,2,17404:0,37508:0,35188:0,37523:0,17404:0,37514:0,35186:0,37523:0,0,temporal_neighbour,0,17404:0,35188:0,37523:0,37508:0,2,1,2,1,2,3,3,2,1,2,1,2,"element=1;role=temporal_neighbour;face=17404:0|35188:0|37523:0|37508:0;edge=732,1152,1108,11,1,1,2,1","element=1;role=temporal_neighbour;face=17404:0|35188:0|37523:0|37508:0"
cache=0:1:1412913;source=0:1521362;face=0:1,0,1,1412913,0,1521362,1,732,1152,1108,11,1,1,2,17404:0,37508:0,35188:0,37523:0,17404:0,37514:0,35186:0,37523:0,0,temporal_neighbour,1,17404:0,35186:0,37523:0,37514:0,2,3,2,3,-2,-5,5,2,1,2,1,2,"element=1;role=temporal_neighbour;face=17404:0|35186:0|37523:0|37514:0;edge=732,1152,1108,11,1,1,2,1","element=1;role=temporal_neighbour;face=17404:0|35186:0|37523:0|37514:0"
cache=0:1:1412914;source=0:1521363;face=0:0,0,1,1412914,0,1521363,2,732,1152,1108,11,1,1,2,382907:0,415955:0,412031:0,415978:0,382907:0,415961:0,412028:0,415978:0,0,temporal_neighbour,0,382907:0,412031:0,415978:0,415955:0,2,1,2,1,2,3,3,2,1,2,1,2,"element=2;role=temporal_neighbour;face=382907:0|412031:0|415978:0|415955:0;edge=732,1152,1108,11,1,1,2,2","element=2;role=temporal_neighbour;face=382907:0|412031:0|415978:0|415955:0"
cache=0:1:1412914;source=0:1521363;face=0:1,0,1,1412914,0,1521363,2,732,1152,1108,11,1,1,2,382907:0,415955:0,412031:0,415978:0,382907:0,415961:0,412028:0,415978:0,0,temporal_neighbour,1,382907:0,412028:0,415978:0,415961:0,2,3,2,3,-2,-5,5,2,1,2,1,2,"element=2;role=temporal_neighbour;face=382907:0|412028:0|415978:0|415961:0;edge=732,1152,1108,11,1,1,2,2","element=2;role=temporal_neighbour;face=382907:0|412028:0|415978:0|415961:0"
cache=0:1:1413153;source=0:1541686;face=0:0,0,1,1413153,0,1541686,1,750,1142,1096,11,1,1,2,35234:0,35241:0,35239:0,35236:0,35234:0,35247:0,35235:0,35236:0,0,temporal_neighbour,0,35234:0,35239:0,35236:0,35241:0,2,1,2,1,2,3,3,2,1,2,1,2,"element=1;role=temporal_neighbour;face=35234:0|35239:0|35236:0|35241:0;edge=750,1142,1096,11,1,1,2,1","element=1;role=temporal_neighbour;face=35234:0|35239:0|35236:0|35241:0"
cache=0:1:1413153;source=0:1541686;face=0:1,0,1,1413153,0,1541686,1,750,1142,1096,11,1,1,2,35234:0,35241:0,35239:0,35236:0,35234:0,35247:0,35235:0,35236:0,0,temporal_neighbour,1,35234:0,35235:0,35236:0,35247:0,2,3,2,3,-2,-5,5,2,1,2,1,2,"element=1;role=temporal_neighbour;face=35234:0|35235:0|35236:0|35247:0;edge=750,1142,1096,11,1,1,2,1","element=1;role=temporal_neighbour;face=35234:0|35235:0|35236:0|35247:0"
cache=0:1:1413154;source=0:1541687;face=0:0,0,1,1413154,0,1541687,2,750,1142,1096,11,1,1,2,412087:0,412101:0,412098:0,412090:0,412087:0,412109:0,412089:0,412090:0,0,temporal_neighbour,0,412087:0,412098:0,412090:0,412101:0,2,1,2,1,2,3,3,2,1,2,1,2,"element=2;role=temporal_neighbour;face=412087:0|412098:0|412090:0|412101:0;edge=750,1142,1096,11,1,1,2,2","element=2;role=temporal_neighbour;face=412087:0|412098:0|412090:0|412101:0"
cache=0:1:1413154;source=0:1541687;face=0:1,0,1,1413154,0,1541687,2,750,1142,1096,11,1,1,2,412087:0,412101:0,412098:0,412090:0,412087:0,412109:0,412089:0,412090:0,0,temporal_neighbour,1,412087:0,412089:0,412090:0,412109:0,2,3,2,3,-2,-5,5,2,1,2,1,2,"element=2;role=temporal_neighbour;face=412087:0|412089:0|412090:0|412109:0;edge=750,1142,1096,11,1,1,2,2","element=2;role=temporal_neighbour;face=412087:0|412089:0|412090:0|412109:0"
cache=0:1:1413302;source=0:1552190;face=0:0,0,1,1413302,0,1552190,1,758,1138,1091,11,1,1,2,35422:0,35437:0,35436:0,35427:0,35422:0,35439:0,35423:0,35427:0,0,temporal_neighbour,0,35422:0,35436:0,35427:0,35437:0,2,1,2,1,2,3,3,2,1,2,1,2,"element=1;role=temporal_neighbour;face=35422:0|35436:0|35427:0|35437:0;edge=758,1138,1091,11,1,1,2,1","element=1;role=temporal_neighbour;face=35422:0|35436:0|35427:0|35437:0"
cache=0:1:1413302;source=0:1552190;face=0:1,0,1,1413302,0,1552190,1,758,1138,1091,11,1,1,2,35422:0,35437:0,35436:0,35427:0,35422:0,35439:0,35423:0,35427:0,0,temporal_neighbour,1,35422:0,35423:0,35427:0,35439:0,2,3,2,3,-2,-5,5,2,1,2,1,2,"element=1;role=temporal_neighbour;face=35422:0|35423:0|35427:0|35439:0;edge=758,1138,1091,11,1,1,2,1","element=1;role=temporal_neighbour;face=35422:0|35423:0|35427:0|35439:0"
cache=0:1:1413303;source=0:1552191;face=0:0,0,1,1413303,0,1552191,2,758,1138,1091,11,1,1,2,412333:0,412346:0,412344:0,412336:0,412333:0,412348:0,412334:0,412336:0,0,temporal_neighbour,0,412333:0,412344:0,412336:0,412346:0,2,1,2,1,2,3,3,2,1,2,1,2,"element=2;role=temporal_neighbour;face=412333:0|412344:0|412336:0|412346:0;edge=758,1138,1091,11,1,1,2,2","element=2;role=temporal_neighbour;face=412333:0|412344:0|412336:0|412346:0"
cache=0:1:1413303;source=0:1552191;face=0:1,0,1,1413303,0,1552191,2,758,1138,1091,11,1,1,2,412333:0,412346:0,412344:0,412336:0,412333:0,412348:0,412334:0,412336:0,0,temporal_neighbour,1,412333:0,412334:0,412336:0,412348:0,2,3,2,3,-2,-5,5,2,1,2,1,2,"element=2;role=temporal_neighbour;face=412333:0|412334:0|412336:0|412348:0;edge=758,1138,1091,11,1,1,2,2","element=2;role=temporal_neighbour;face=412333:0|412334:0|412336:0|412348:0"
cache=0:1:1413305;source=0:1552193;face=0:0,0,1,1413305,0,1552193,4,758,1138,1091,11,1,1,2,1115429:0,1115432:0,1115434:0,1115431:0,1115429:0,1115430:0,1115438:0,1115431:0,0,temporal_neighbour,0,1115429:0,1115432:0,1115431:0,1115434:0,2,1,2,1,2,3,3,2,1,2,1,2,"element=4;role=temporal_neighbour;face=1115429:0|1115432:0|1115431:0|1115434:0;edge=758,1138,1091,11,1,1,2,4","element=4;role=temporal_neighbour;face=1115429:0|1115432:0|1115431:0|1115434:0"
cache=0:1:1413305;source=0:1552193;face=0:1,0,1,1413305,0,1552193,4,758,1138,1091,11,1,1,2,1115429:0,1115432:0,1115434:0,1115431:0,1115429:0,1115430:0,1115438:0,1115431:0,0,temporal_neighbour,1,1115429:0,1115430:0,1115431:0,1115438:0,2,3,2,3,-2,-5,5,2,1,2,1,2,"element=4;role=temporal_neighbour;face=1115429:0|1115430:0|1115431:0|1115438:0;edge=758,1138,1091,11,1,1,2,4","element=4;role=temporal_neighbour;face=1115429:0|1115430:0|1115431:0|1115438:0"
cache=0:1:1413306;source=0:1552198;face=0:0,0,1,1413306,0,1552198,4,758,1138,1092,11,1,1,2,1115459:0,1115464:0,1115462:0,1115461:0,1115459:0,1115470:0,1115460:0,1115461:0,0,temporal_neighbour,0,1115459:0,1115462:0,1115461:0,1115464:0,2,1,2,1,2,3,3,2,1,2,1,2,"element=4;role=temporal_neighbour;face=1115459:0|1115462:0|1115461:0|1115464:0;edge=758,1138,1092,11,1,1,2,4","element=4;role=temporal_neighbour;face=1115459:0|1115462:0|1115461:0|1115464:0"
cache=0:1:1413306;source=0:1552198;face=0:1,0,1,1413306,0,1552198,4,758,1138,1092,11,1,1,2,1115459:0,1115464:0,1115462:0,1115461:0,1115459:0,1115470:0,1115460:0,1115461:0,0,temporal_neighbour,1,1115459:0,1115460:0,1115461:0,1115470:0,2,3,2,3,-2,-5,5,2,1,2,1,2,"element=4;role=temporal_neighbour;face=1115459:0|1115460:0|1115461:0|1115470:0;edge=758,1138,1092,11,1,1,2,4","element=4;role=temporal_neighbour;face=1115459:0|1115460:0|1115461:0|1115470:0"
cache=0:1:1413323;source=0:1554619;face=0:0,0,1,1413323,0,1554619,1,760,1136,1090,11,1,1,2,35193:0,35432:0,35203:0,35545:0,35193:0,35423:0,35198:0,35545:0,0,temporal_neighbour,0,35193:0,35203:0,35545:0,35432:0,2,1,2,1,2,3,3,2,1,2,1,2,"element=1;role=temporal_neighbour;face=35193:0|35203:0|35545:0|35432:0;edge=760,1136,1090,11,1,1,2,1","element=1;role=temporal_neighbour;face=35193:0|35203:0|35545:0|35432:0"
cache=0:1:1413323;source=0:1554619;face=0:1,0,1,1413323,0,1554619,1,760,1136,1090,11,1,1,2,35193:0,35432:0,35203:0,35545:0,35193:0,35423:0,35198:0,35545:0,0,temporal_neighbour,1,35193:0,35198:0,35545:0,35423:0,2,3,2,3,-2,-5,5,2,1,2,1,2,"element=1;role=temporal_neighbour;face=35193:0|35198:0|35545:0|35423:0;edge=760,1136,1090,11,1,1,2,1","element=1;role=temporal_neighbour;face=35193:0|35198:0|35545:0|35423:0"
cache=0:1:1413325;source=0:1554623;face=0:0,0,1,1413325,0,1554623,2,760,1136,1091,11,1,1,2,412044:0,412343:0,412055:0,412499:0,412044:0,412334:0,412050:0,412499:0,0,temporal_neighbour,0,412044:0,412055:0,412499:0,412343:0,2,1,2,1,2,3,3,2,1,2,1,2,"element=2;role=temporal_neighbour;face=412044:0|412055:0|412499:0|412343:0;edge=760,1136,1091,11,1,1,2,2","element=2;role=temporal_neighbour;face=412044:0|412055:0|412499:0|412343:0"
cache=0:1:1413325;source=0:1554623;face=0:1,0,1,1413325,0,1554623,2,760,1136,1091,11,1,1,2,412044:0,412343:0,412055:0,412499:0,412044:0,412334:0,412050:0,412499:0,0,temporal_neighbour,1,412044:0,412050:0,412499:0,412334:0,2,3,2,3,-2,-5,5,2,1,2,1,2,"element=2;role=temporal_neighbour;face=412044:0|412050:0|412499:0|412334:0;edge=760,1136,1091,11,1,1,2,2","element=2;role=temporal_neighbour;face=412044:0|412050:0|412499:0|412334:0"
cache=0:1:1413455;source=0:1565219;face=0:0,0,1,1413455,0,1565219,4,768,1132,1080,11,1,1,2,1100081:0,1127205:0,1115277:0,1127256:0,1100081:0,1127203:0,1115279:0,1127256:0,0,temporal_neighbour,0,1100081:0,1115277:0,1127256:0,1127205:0,2,1,2,1,2,3,3,2,1,2,1,2,"element=4;role=temporal_neighbour;face=1100081:0|1115277:0|1127256:0|1127205:0;edge=768,1132,1080,11,1,1,2,4","element=4;role=temporal_neighbour;face=1100081:0|1115277:0|1127256:0|1127205:0"
cache=0:1:1413455;source=0:1565219;face=0:1,0,1,1413455,0,1565219,4,768,1132,1080,11,1,1,2,1100081:0,1127205:0,1115277:0,1127256:0,1100081:0,1127203:0,1115279:0,1127256:0,0,temporal_neighbour,1,1100081:0,1115279:0,1127256:0,1127203:0,2,3,2,3,-2,-5,5,2,1,2,1,2,"element=4;role=temporal_neighbour;face=1100081:0|1115279:0|1127256:0|1127203:0;edge=768,1132,1080,11,1,1,2,4","element=4;role=temporal_neighbour;face=1100081:0|1115279:0|1127256:0|1127203:0"
cache=0:1:1413456;source=0:1565226;face=0:0,0,1,1413456,0,1565226,1,768,1132,1081,11,1,1,2,17358:0,34939:0,56906:0,56949:0,17358:0,34941:0,56900:0,56949:0,0,temporal_neighbour,0,17358:0,34939:0,56949:0,56906:0,2,1,2,1,2,3,3,2,1,2,1,2,"element=1;role=temporal_neighbour;face=17358:0|34939:0|56949:0|56906:0;edge=768,1132,1081,11,1,1,2,1","element=1;role=temporal_neighbour;face=17358:0|34939:0|56949:0|56906:0"
cache=0:1:1413456;source=0:1565226;face=0:1,0,1,1413456,0,1565226,1,768,1132,1081,11,1,1,2,17358:0,34939:0,56906:0,56949:0,17358:0,34941:0,56900:0,56949:0,0,temporal_neighbour,1,17358:0,34941:0,56949:0,56900:0,2,3,2,3,-2,-5,5,2,1,2,1,2,"element=1;role=temporal_neighbour;face=17358:0|34941:0|56949:0|56900:0;edge=768,1132,1081,11,1,1,2,1","element=1;role=temporal_neighbour;face=17358:0|34941:0|56949:0|56900:0"
cache=0:1:1413457;source=0:1565227;face=0:0,0,1,1413457,0,1565227,4,768,1132,1081,11,1,1,2,1100081:0,1115278:0,1127207:0,1127260:0,1100081:0,1115280:0,1127203:0,1127260:0,0,temporal_neighbour,0,1100081:0,1115278:0,1127260:0,1127207:0,2,1,2,1,2,3,3,2,1,2,1,2,"element=4;role=temporal_neighbour;face=1100081:0|1115278:0|1127260:0|1127207:0;edge=768,1132,1081,11,1,1,2,4","element=4;role=temporal_neighbour;face=1100081:0|1115278:0|1127260:0|1127207:0"
cache=0:1:1413457;source=0:1565227;face=0:1,0,1,1413457,0,1565227,4,768,1132,1081,11,1,1,2,1100081:0,1115278:0,1127207:0,1127260:0,1100081:0,1115280:0,1127203:0,1127260:0,0,temporal_neighbour,1,1100081:0,1115280:0,1127260:0,1127203:0,2,3,2,3,-2,-5,5,2,1,2,1,2,"element=4;role=temporal_neighbour;face=1100081:0|1115280:0|1127260:0|1127203:0;edge=768,1132,1081,11,1,1,2,4","element=4;role=temporal_neighbour;face=1100081:0|1115280:0|1127260:0|1127203:0"
cache=0:1:1413462;source=0:1565234;face=0:0,0,1,1413462,0,1565234,2,768,1132,1082,11,1,1,2,382858:0,411758:0,447714:0,447801:0,382858:0,411765:0,447696:0,447801:0,0,temporal_neighbour,0,382858:0,411758:0,447801:0,447714:0,2,1,2,1,2,3,3,2,1,2,1,2,"element=2;role=temporal_neighbour;face=382858:0|411758:0|447801:0|447714:0;edge=768,1132,1082,11,1,1,2,2","element=2;role=temporal_neighbour;face=382858:0|411758:0|447801:0|447714:0"
cache=0:1:1413462;source=0:1565234;face=0:1,0,1,1413462,0,1565234,2,768,1132,1082,11,1,1,2,382858:0,411758:0,447714:0,447801:0,382858:0,411765:0,447696:0,447801:0,0,temporal_neighbour,1,382858:0,411765:0,447801:0,447696:0,2,3,2,3,-2,-5,5,2,1,2,1,2,"element=2;role=temporal_neighbour;face=382858:0|411765:0|447801:0|447696:0;edge=768,1132,1082,11,1,1,2,2","element=2;role=temporal_neighbour;face=382858:0|411765:0|447801:0|447696:0"
cache=0:1:1413582;source=0:1576019;face=0:0,0,1,1413582,0,1576019,4,776,1128,1081,11,1,1,2,1100203:0,1127146:0,1127242:0,1127311:0,1100203:0,1127137:0,1127249:0,1127311:0,0,temporal_neighbour,0,1100203:0,1127146:0,1127311:0,1127242:0,2,1,2,1,2,3,3,2,1,2,1,2,"element=4;role=temporal_neighbour;face=1100203:0|1127146:0|1127311:0|1127242:0;edge=776,1128,1081,11,1,1,2,4","element=4;role=temporal_neighbour;face=1100203:0|1127146:0|1127311:0|1127242:0"
cache=0:1:1413582;source=0:1576019;face=0:1,0,1,1413582,0,1576019,4,776,1128,1081,11,1,1,2,1100203:0,1127146:0,1127242:0,1127311:0,1100203:0,1127137:0,1127249:0,1127311:0,0,temporal_neighbour,1,1100203:0,1127137:0,1127311:0,1127249:0,2,3,2,3,-2,-5,5,2,1,2,1,2,"element=4;role=temporal_neighbour;face=1100203:0|1127137:0|1127311:0|1127249:0;edge=776,1128,1081,11,1,1,2,4","element=4;role=temporal_neighbour;face=1100203:0|1127137:0|1127311:0|1127249:0"
cache=0:1:1413583;source=0:1576024;face=0:0,0,1,1413583,0,1576024,1,776,1128,1082,11,1,1,2,17895:0,56943:0,56862:0,56997:0,17895:0,56944:0,56855:0,56997:0,0,temporal_neighbour,0,17895:0,56862:0,56997:0,56943:0,2,1,2,1,2,3,3,2,1,2,1,2,"element=1;role=temporal_neighbour;face=17895:0|56862:0|56997:0|56943:0;edge=776,1128,1082,11,1,1,2,1","element=1;role=temporal_neighbour;face=17895:0|56862:0|56997:0|56943:0"
cache=0:1:1413583;source=0:1576024;face=0:1,0,1,1413583,0,1576024,1,776,1128,1082,11,1,1,2,17895:0,56943:0,56862:0,56997:0,17895:0,56944:0,56855:0,56997:0,0,temporal_neighbour,1,17895:0,56855:0,56997:0,56944:0,2,3,2,3,-2,-5,5,2,1,2,1,2,"element=1;role=temporal_neighbour;face=17895:0|56855:0|56997:0|56944:0;edge=776,1128,1082,11,1,1,2,1","element=1;role=temporal_neighbour;face=17895:0|56855:0|56997:0|56944:0"
cache=0:1:1413584;source=0:1576025;face=0:0,0,1,1413584,0,1576025,2,776,1128,1082,11,1,1,2,383376:0,447763:0,447627:0,447847:0,383376:0,447767:0,447621:0,447847:0,0,temporal_neighbour,0,383376:0,447627:0,447847:0,447763:0,2,1,2,1,2,3,3,2,1,2,1,2,"element=2;role=temporal_neighbour;face=383376:0|447627:0|447847:0|447763:0;edge=776,1128,1082,11,1,1,2,2","element=2;role=temporal_neighbour;face=383376:0|447627:0|447847:0|447763:0"
cache=0:1:1413584;source=0:1576025;face=0:1,0,1,1413584,0,1576025,2,776,1128,1082,11,1,1,2,383376:0,447763:0,447627:0,447847:0,383376:0,447767:0,447621:0,447847:0,0,temporal_neighbour,1,383376:0,447621:0,447847:0,447767:0,2,3,2,3,-2,-5,5,2,1,2,1,2,"element=2;role=temporal_neighbour;face=383376:0|447621:0|447847:0|447767:0;edge=776,1128,1082,11,1,1,2,2","element=2;role=temporal_neighbour;face=383376:0|447621:0|447847:0|447767:0"
cache=0:1:1413585;source=0:1576026;face=0:0,0,1,1413585,0,1576026,4,776,1128,1082,11,1,1,2,1100203:0,1127252:0,1127150:0,1127319:0,1100203:0,1127254:0,1127138:0,1127319:0,0,temporal_neighbour,0,1100203:0,1127150:0,1127319:0,1127252:0,2,1,2,1,2,3,3,2,1,2,1,2,"element=4;role=temporal_neighbour;face=1100203:0|1127150:0|1127319:0|1127252:0;edge=776,1128,1082,11,1,1,2,4","element=4;role=temporal_neighbour;face=1100203:0|1127150:0|1127319:0|1127252:0"
cache=0:1:1413585;source=0:1576026;face=0:1,0,1,1413585,0,1576026,4,776,1128,1082,11,1,1,2,1100203:0,1127252:0,1127150:0,1127319:0,1100203:0,1127254:0,1127138:0,1127319:0,0,temporal_neighbour,1,1100203:0,1127138:0,1127319:0,1127254:0,2,3,2,3,-2,-5,5,2,1,2,1,2,"element=4;role=temporal_neighbour;face=1100203:0|1127138:0|1127319:0|1127254:0;edge=776,1128,1082,11,1,1,2,4","element=4;role=temporal_neighbour;face=1100203:0|1127138:0|1127319:0|1127254:0"
cache=0:1:1413740;source=0:1588972;face=0:0,0,1,1413740,0,1588972,1,786,1122,1085,11,1,1,2,57082:0,57097:0,57092:0,57085:0,57082:0,57084:0,57083:0,57085:0,0,temporal_neighbour,0,57082:0,57092:0,57085:0,57097:0,2,1,2,1,2,3,3,2,1,2,1,2,"element=1;role=temporal_neighbour;face=57082:0|57092:0|57085:0|57097:0;edge=786,1122,1085,11,1,1,2,1","element=1;role=temporal_neighbour;face=57082:0|57092:0|57085:0|57097:0"
cache=0:1:1413740;source=0:1588972;face=0:1,0,1,1413740,0,1588972,1,786,1122,1085,11,1,1,2,57082:0,57097:0,57092:0,57085:0,57082:0,57084:0,57083:0,57085:0,0,temporal_neighbour,1,57082:0,57083:0,57085:0,57084:0,2,3,2,3,-2,-5,5,2,1,2,1,2,"element=1;role=temporal_neighbour;face=57082:0|57083:0|57085:0|57084:0;edge=786,1122,1085,11,1,1,2,1","element=1;role=temporal_neighbour;face=57082:0|57083:0|57085:0|57084:0"
cache=0:1:1413741;source=0:1588973;face=0:0,0,1,1413741,0,1588973,2,786,1122,1085,11,1,1,2,447996:0,448015:0,448010:0,448000:0,447996:0,447999:0,447998:0,448000:0,0,temporal_neighbour,0,447996:0,448010:0,448000:0,448015:0,2,1,2,1,2,3,3,2,1,2,1,2,"element=2;role=temporal_neighbour;face=447996:0|448010:0|448000:0|448015:0;edge=786,1122,1085,11,1,1,2,2","element=2;role=temporal_neighbour;face=447996:0|448010:0|448000:0|448015:0"
cache=0:1:1413741;source=0:1588973;face=0:1,0,1,1413741,0,1588973,2,786,1122,1085,11,1,1,2,447996:0,448015:0,448010:0,448000:0,447996:0,447999:0,447998:0,448000:0,0,temporal_neighbour,1,447996:0,447998:0,448000:0,447999:0,2,3,2,3,-2,-5,5,2,1,2,1,2,"element=2;role=temporal_neighbour;face=447996:0|447998:0|448000:0|447999:0;edge=786,1122,1085,11,1,1,2,2","element=2;role=temporal_neighbour;face=447996:0|447998:0|448000:0|447999:0"
cache=0:1:1413849;source=0:1601062;face=0:0,0,1,1413849,0,1601062,1,794,1118,1085,11,1,1,2,55844:0,55859:0,55857:0,55850:0,55844:0,55863:0,55845:0,55850:0,0,temporal_neighbour,0,55844:0,55857:0,55850:0,55859:0,2,1,2,1,2,3,3,2,1,2,1,2,"element=1;role=temporal_neighbour;face=55844:0|55857:0|55850:0|55859:0;edge=794,1118,1085,11,1,1,2,1","element=1;role=temporal_neighbour;face=55844:0|55857:0|55850:0|55859:0"
cache=0:1:1413849;source=0:1601062;face=0:1,0,1,1413849,0,1601062,1,794,1118,1085,11,1,1,2,55844:0,55859:0,55857:0,55850:0,55844:0,55863:0,55845:0,55850:0,0,temporal_neighbour,1,55844:0,55845:0,55850:0,55863:0,2,3,2,3,-2,-5,5,2,1,2,1,2,"element=1;role=temporal_neighbour;face=55844:0|55845:0|55850:0|55863:0;edge=794,1118,1085,11,1,1,2,1","element=1;role=temporal_neighbour;face=55844:0|55845:0|55850:0|55863:0"
cache=0:1:1413853;source=0:1601069;face=0:0,0,1,1413853,0,1601069,2,794,1118,1086,11,1,1,2,446126:0,446159:0,446157:0,446137:0,446126:0,446163:0,446136:0,446137:0,0,temporal_neighbour,0,446126:0,446157:0,446137:0,446159:0,2,1,2,1,2,3,3,2,1,2,1,2,"element=2;role=temporal_neighbour;face=446126:0|446157:0|446137:0|446159:0;edge=794,1118,1086,11,1,1,2,2","element=2;role=temporal_neighbour;face=446126:0|446157:0|446137:0|446159:0"
cache=0:1:1413853;source=0:1601069;face=0:1,0,1,1413853,0,1601069,2,794,1118,1086,11,1,1,2,446126:0,446159:0,446157:0,446137:0,446126:0,446163:0,446136:0,446137:0,0,temporal_neighbour,1,446126:0,446136:0,446137:0,446163:0,2,3,2,3,-2,-5,5,2,1,2,1,2,"element=2;role=temporal_neighbour;face=446126:0|446136:0|446137:0|446163:0;edge=794,1118,1086,11,1,1,2,2","element=2;role=temporal_neighbour;face=446126:0|446136:0|446137:0|446163:0"
cache=0:1:1414001;source=0:1616551;face=0:0,0,1,1414001,0,1616551,1,804,1112,1079,11,1,1,2,17888:0,56150:0,56019:0,56153:0,17888:0,56144:0,56011:0,56153:0,0,temporal_neighbour,0,17888:0,56019:0,56153:0,56150:0,2,1,2,1,2,3,3,2,1,2,1,2,"element=1;role=temporal_neighbour;face=17888:0|56019:0|56153:0|56150:0;edge=804,1112,1079,11,1,1,2,1","element=1;role=temporal_neighbour;face=17888:0|56019:0|56153:0|56150:0"
cache=0:1:1414001;source=0:1616551;face=0:1,0,1,1414001,0,1616551,1,804,1112,1079,11,1,1,2,17888:0,56150:0,56019:0,56153:0,17888:0,56144:0,56011:0,56153:0,0,temporal_neighbour,1,17888:0,56011:0,56153:0,56144:0,2,3,2,3,-2,-5,5,2,1,2,1,2,"element=1;role=temporal_neighbour;face=17888:0|56011:0|56153:0|56144:0;edge=804,1112,1079,11,1,1,2,1","element=1;role=temporal_neighbour;face=17888:0|56011:0|56153:0|56144:0"
cache=0:1:1414002;source=0:1616554;face=0:0,0,1,1414002,0,1616554,2,804,1112,1080,11,1,1,2,383372:0,446665:0,446621:0,446670:0,383372:0,446634:0,446620:0,446670:0,0,temporal_neighbour,0,383372:0,446621:0,446670:0,446665:0,2,1,2,1,2,3,3,2,1,2,1,2,"element=2;role=temporal_neighbour;face=383372:0|446621:0|446670:0|446665:0;edge=804,1112,1080,11,1,1,2,2","element=2;role=temporal_neighbour;face=383372:0|446621:0|446670:0|446665:0"
cache=0:1:1414002;source=0:1616554;face=0:1,0,1,1414002,0,1616554,2,804,1112,1080,11,1,1,2,383372:0,446665:0,446621:0,446670:0,383372:0,446634:0,446620:0,446670:0,0,temporal_neighbour,1,383372:0,446620:0,446670:0,446634:0,2,3,2,3,-2,-5,5,2,1,2,1,2,"element=2;role=temporal_neighbour;face=383372:0|446620:0|446670:0|446634:0;edge=804,1112,1080,11,1,1,2,2","element=2;role=temporal_neighbour;face=383372:0|446620:0|446670:0|446634:0"
cache=0:1:1414124;source=0:1630285;face=0:0,0,1,1414124,0,1630285,1,812,1108,1075,11,1,1,2,17889:0,56068:0,56054:0,56071:0,17889:0,56070:0,56041:0,56071:0,0,temporal_neighbour,0,17889:0,56054:0,56071:0,56068:0,2,1,2,1,2,3,3,2,1,2,1,2,"element=1;role=temporal_neighbour;face=17889:0|56054:0|56071:0|56068:0;edge=812,1108,1075,11,1,1,2,1","element=1;role=temporal_neighbour;face=17889:0|56054:0|56071:0|56068:0"
cache=0:1:1414124;source=0:1630285;face=0:1,0,1,1414124,0,1630285,1,812,1108,1075,11,1,1,2,17889:0,56068:0,56054:0,56071:0,17889:0,56070:0,56041:0,56071:0,0,temporal_neighbour,1,17889:0,56041:0,56071:0,56070:0,2,3,2,3,-2,-5,5,2,1,2,1,2,"element=1;role=temporal_neighbour;face=17889:0|56041:0|56071:0|56070:0;edge=812,1108,1075,11,1,1,2,1","element=1;role=temporal_neighbour;face=17889:0|56041:0|56071:0|56070:0"
cache=0:1:1414125;source=0:1630286;face=0:0,0,1,1414125,0,1630286,2,812,1108,1075,11,1,1,2,383370:0,446478:0,446466:0,446481:0,383370:0,446480:0,446453:0,446481:0,0,temporal_neighbour,0,383370:0,446466:0,446481:0,446478:0,2,1,2,1,2,3,3,2,1,2,1,2,"element=2;role=temporal_neighbour;face=383370:0|446466:0|446481:0|446478:0;edge=812,1108,1075,11,1,1,2,2","element=2;role=temporal_neighbour;face=383370:0|446466:0|446481:0|446478:0"
cache=0:1:1414125;source=0:1630286;face=0:1,0,1,1414125,0,1630286,2,812,1108,1075,11,1,1,2,383370:0,446478:0,446466:0,446481:0,383370:0,446480:0,446453:0,446481:0,0,temporal_neighbour,1,383370:0,446453:0,446481:0,446480:0,2,3,2,3,-2,-5,5,2,1,2,1,2,"element=2;role=temporal_neighbour;face=383370:0|446453:0|446481:0|446480:0;edge=812,1108,1075,11,1,1,2,2","element=2;role=temporal_neighbour;face=383370:0|446453:0|446481:0|446480:0"
cache=0:1:1414293;source=0:1648778;face=0:0,0,1,1414293,0,1648778,1,822,1102,1072,11,1,1,2,55930:0,55945:0,55942:0,55933:0,55930:0,55932:0,55931:0,55933:0,0,temporal_neighbour,0,55930:0,55942:0,55933:0,55945:0,2,1,2,1,2,3,3,2,1,2,1,2,"element=1;role=temporal_neighbour;face=55930:0|55942:0|55933:0|55945:0;edge=822,1102,1072,11,1,1,2,1","element=1;role=temporal_neighbour;face=55930:0|55942:0|55933:0|55945:0"
cache=0:1:1414293;source=0:1648778;face=0:1,0,1,1414293,0,1648778,1,822,1102,1072,11,1,1,2,55930:0,55945:0,55942:0,55933:0,55930:0,55932:0,55931:0,55933:0,0,temporal_neighbour,1,55930:0,55931:0,55933:0,55932:0,2,3,2,3,-2,-5,5,2,1,2,1,2,"element=1;role=temporal_neighbour;face=55930:0|55931:0|55933:0|55932:0;edge=822,1102,1072,11,1,1,2,1","element=1;role=temporal_neighbour;face=55930:0|55931:0|55933:0|55932:0"
cache=0:1:1414294;source=0:1648781;face=0:0,0,1,1414294,0,1648781,2,822,1102,1073,11,1,1,2,446257:0,446284:0,446277:0,446262:0,446257:0,446259:0,446258:0,446262:0,0,temporal_neighbour,0,446257:0,446277:0,446262:0,446284:0,2,1,2,1,2,3,3,2,1,2,1,2,"element=2;role=temporal_neighbour;face=446257:0|446277:0|446262:0|446284:0;edge=822,1102,1073,11,1,1,2,2","element=2;role=temporal_neighbour;face=446257:0|446277:0|446262:0|446284:0"
cache=0:1:1414294;source=0:1648781;face=0:1,0,1,1414294,0,1648781,2,822,1102,1073,11,1,1,2,446257:0,446284:0,446277:0,446262:0,446257:0,446259:0,446258:0,446262:0,0,temporal_neighbour,1,446257:0,446258:0,446262:0,446259:0,2,3,2,3,-2,-5,5,2,1,2,1,2,"element=2;role=temporal_neighbour;face=446257:0|446258:0|446262:0|446259:0;edge=822,1102,1073,11,1,1,2,2","element=2;role=temporal_neighbour;face=446257:0|446258:0|446262:0|446259:0"
cache=0:1:1414390;source=0:1662819;face=0:0,0,1,1414390,0,1662819,1,830,1098,1071,11,1,1,2,55900:0,55910:0,55907:0,55902:0,55900:0,55914:0,55901:0,55902:0,0,temporal_neighbour,0,55900:0,55907:0,55902:0,55910:0,2,1,2,1,2,3,3,2,1,2,1,2,"element=1;role=temporal_neighbour;face=55900:0|55907:0|55902:0|55910:0;edge=830,1098,1071,11,1,1,2,1","element=1;role=temporal_neighbour;face=55900:0|55907:0|55902:0|55910:0"
cache=0:1:1414390;source=0:1662819;face=0:1,0,1,1414390,0,1662819,1,830,1098,1071,11,1,1,2,55900:0,55910:0,55907:0,55902:0,55900:0,55914:0,55901:0,55902:0,0,temporal_neighbour,1,55900:0,55901:0,55902:0,55914:0,2,3,2,3,-2,-5,5,2,1,2,1,2,"element=1;role=temporal_neighbour;face=55900:0|55901:0|55902:0|55914:0;edge=830,1098,1071,11,1,1,2,1","element=1;role=temporal_neighbour;face=55900:0|55901:0|55902:0|55914:0"
cache=0:1:1414391;source=0:1662821;face=0:0,0,1,1414391,0,1662821,2,830,1098,1072,11,1,1,2,446303:0,446321:0,446315:0,446305:0,446303:0,446327:0,446304:0,446305:0,0,temporal_neighbour,0,446303:0,446315:0,446305:0,446321:0,2,1,2,1,2,3,3,2,1,2,1,2,"element=2;role=temporal_neighbour;face=446303:0|446315:0|446305:0|446321:0;edge=830,1098,1072,11,1,1,2,2","element=2;role=temporal_neighbour;face=446303:0|446315:0|446305:0|446321:0"
cache=0:1:1414391;source=0:1662821;face=0:1,0,1,1414391,0,1662821,2,830,1098,1072,11,1,1,2,446303:0,446321:0,446315:0,446305:0,446303:0,446327:0,446304:0,446305:0,0,temporal_neighbour,1,446303:0,446304:0,446305:0,446327:0,2,3,2,3,-2,-5,5,2,1,2,1,2,"element=2;role=temporal_neighbour;face=446303:0|446304:0|446305:0|446327:0;edge=830,1098,1072,11,1,1,2,2","element=2;role=temporal_neighbour;face=446303:0|446304:0|446305:0|446327:0"
cache=0:1:1414546;source=0:1679868;face=0:0,0,1,1414546,0,1679868,1,840,1092,1073,11,1,1,2,61505:0,61532:0,61553:0,61617:0,61505:0,61516:0,61549:0,61617:0,0,temporal_neighbour,0,61505:0,61532:0,61617:0,61553:0,2,1,2,1,2,3,3,2,1,2,1,2,"element=1;role=temporal_neighbour;face=61505:0|61532:0|61617:0|61553:0;edge=840,1092,1073,11,1,1,2,1","element=1;role=temporal_neighbour;face=61505:0|61532:0|61617:0|61553:0"
cache=0:1:1414546;source=0:1679868;face=0:1,0,1,1414546,0,1679868,1,840,1092,1073,11,1,1,2,61505:0,61532:0,61553:0,61617:0,61505:0,61516:0,61549:0,61617:0,0,temporal_neighbour,1,61505:0,61516:0,61617:0,61549:0,2,3,2,3,-2,-5,5,2,1,2,1,2,"element=1;role=temporal_neighbour;face=61505:0|61516:0|61617:0|61549:0;edge=840,1092,1073,11,1,1,2,1","element=1;role=temporal_neighbour;face=61505:0|61516:0|61617:0|61549:0"
cache=0:1:1414547;source=0:1679869;face=0:0,0,1,1414547,0,1679869,2,840,1092,1073,11,1,1,2,454299:0,454347:0,454386:0,454523:0,454299:0,454326:0,454379:0,454523:0,0,temporal_neighbour,0,454299:0,454347:0,454523:0,454386:0,2,1,2,1,2,3,3,2,1,2,1,2,"element=2;role=temporal_neighbour;face=454299:0|454347:0|454523:0|454386:0;edge=840,1092,1073,11,1,1,2,2","element=2;role=temporal_neighbour;face=454299:0|454347:0|454523:0|454386:0"
cache=0:1:1414547;source=0:1679869;face=0:1,0,1,1414547,0,1679869,2,840,1092,1073,11,1,1,2,454299:0,454347:0,454386:0,454523:0,454299:0,454326:0,454379:0,454523:0,0,temporal_neighbour,1,454299:0,454326:0,454523:0,454379:0,2,3,2,3,-2,-5,5,2,1,2,1,2,"element=2;role=temporal_neighbour;face=454299:0|454326:0|454523:0|454379:0;edge=840,1092,1073,11,1,1,2,2","element=2;role=temporal_neighbour;face=454299:0|454326:0|454523:0|454379:0"
cache=0:1:1418476;source=0:1774913;face=0:0,0,1,1418476,0,1774913,2,940,1268,1063,11,1,1,2,384607:0,977409:0,977403:0,384608:0,384607:0,977407:0,977401:0,384608:0,0,temporal_neighbour,0,384607:0,977403:0,384608:0,977409:0,2,1,2,1,2,3,3,2,1,2,1,2,"element=2;role=temporal_neighbour;face=384607:0|977403:0|384608:0|977409:0;edge=940,1268,1063,11,1,1,2,2","element=2;role=temporal_neighbour;face=384607:0|977403:0|384608:0|977409:0"
cache=0:1:1418476;source=0:1774913;face=0:1,0,1,1418476,0,1774913,2,940,1268,1063,11,1,1,2,384607:0,977409:0,977403:0,384608:0,384607:0,977407:0,977401:0,384608:0,0,temporal_neighbour,1,384607:0,977401:0,384608:0,977407:0,2,3,2,3,-2,-5,5,2,1,2,1,2,"element=2;role=temporal_neighbour;face=384607:0|977401:0|384608:0|977407:0;edge=940,1268,1063,11,1,1,2,2","element=2;role=temporal_neighbour;face=384607:0|977401:0|384608:0|977407:0"
cache=0:1:1421006;source=0:1815065;face=0:0,0,1,1421006,0,1815065,1,1732,2156,2143,12,1,1,2,52945:0,52984:0,52970:0,52947:0,52945:0,53006:0,52946:0,52947:0,0,temporal_neighbour,0,52945:0,52970:0,52947:0,52984:0,2,1,2,1,2,3,3,2,1,2,1,2,"element=1;role=temporal_neighbour;face=52945:0|52970:0|52947:0|52984:0;edge=1732,2156,2143,12,1,1,2,1","element=1;role=temporal_neighbour;face=52945:0|52970:0|52947:0|52984:0"
cache=0:1:1421006;source=0:1815065;face=0:1,0,1,1421006,0,1815065,1,1732,2156,2143,12,1,1,2,52945:0,52984:0,52970:0,52947:0,52945:0,53006:0,52946:0,52947:0,0,temporal_neighbour,1,52945:0,52946:0,52947:0,53006:0,2,3,2,3,-2,-5,5,2,1,2,1,2,"element=1;role=temporal_neighbour;face=52945:0|52946:0|52947:0|53006:0;edge=1732,2156,2143,12,1,1,2,1","element=1;role=temporal_neighbour;face=52945:0|52946:0|52947:0|53006:0"
cache=0:1:1421007;source=0:1815066;face=0:0,0,1,1421007,0,1815066,2,1732,2156,2143,12,1,1,2,439964:0,439988:0,439979:0,439966:0,439964:0,440002:0,439965:0,439966:0,0,temporal_neighbour,0,439964:0,439979:0,439966:0,439988:0,2,1,2,1,2,3,3,2,1,2,1,2,"element=2;role=temporal_neighbour;face=439964:0|439979:0|439966:0|439988:0;edge=1732,2156,2143,12,1,1,2,2","element=2;role=temporal_neighbour;face=439964:0|439979:0|439966:0|439988:0"
cache=0:1:1421007;source=0:1815066;face=0:1,0,1,1421007,0,1815066,2,1732,2156,2143,12,1,1,2,439964:0,439988:0,439979:0,439966:0,439964:0,440002:0,439965:0,439966:0,0,temporal_neighbour,1,439964:0,439965:0,439966:0,440002:0,2,3,2,3,-2,-5,5,2,1,2,1,2,"element=2;role=temporal_neighbour;face=439964:0|439965:0|439966:0|440002:0;edge=1732,2156,2143,12,1,1,2,2","element=2;role=temporal_neighbour;face=439964:0|439965:0|439966:0|440002:0"
cache=0:1:1424328;source=0:1927394;face=0:0,0,1,1424328,0,1927394,1,1816,2108,2110,12,1,1,2,17978:0,78751:0,78771:0,17980:0,17978:0,78746:0,78767:0,17980:0,0,temporal_neighbour,0,17978:0,78751:0,17980:0,78771:0,2,1,2,1,2,3,3,2,1,2,1,2,"element=1;role=temporal_neighbour;face=17978:0|78751:0|17980:0|78771:0;edge=1816,2108,2110,12,1,1,2,1","element=1;role=temporal_neighbour;face=17978:0|78751:0|17980:0|78771:0"
cache=0:1:1424328;source=0:1927394;face=0:1,0,1,1424328,0,1927394,1,1816,2108,2110,12,1,1,2,17978:0,78751:0,78771:0,17980:0,17978:0,78746:0,78767:0,17980:0,0,temporal_neighbour,1,17978:0,78746:0,17980:0,78767:0,2,3,2,3,-2,-5,5,2,1,2,1,2,"element=1;role=temporal_neighbour;face=17978:0|78746:0|17980:0|78767:0;edge=1816,2108,2110,12,1,1,2,1","element=1;role=temporal_neighbour;face=17978:0|78746:0|17980:0|78767:0"
cache=0:1:1449872;source=0:2460882;face=0:0,0,1,1449872,0,2460882,1,3956,4080,4140,13,1,1,1,32433:0,32441:0,8121:0,32457:0,32435:0,32441:0,8121:0,32461:0,0,temporal_neighbour,0,8121:0,32433:0,32441:0,32457:0,2,1,2,1,2,3,3,2,1,2,1,2,"element=1;role=temporal_neighbour;face=8121:0|32433:0|32441:0|32457:0;edge=3956,4080,4140,13,1,1,1,1","element=1;role=temporal_neighbour;face=8121:0|32433:0|32441:0|32457:0"
cache=0:1:1449872;source=0:2460882;face=0:1,0,1,1449872,0,2460882,1,3956,4080,4140,13,1,1,1,32433:0,32441:0,8121:0,32457:0,32435:0,32441:0,8121:0,32461:0,0,temporal_neighbour,1,8121:0,32435:0,32441:0,32461:0,2,3,2,3,-2,-5,5,2,1,2,1,2,"element=1;role=temporal_neighbour;face=8121:0|32435:0|32441:0|32461:0;edge=3956,4080,4140,13,1,1,1,1","element=1;role=temporal_neighbour;face=8121:0|32435:0|32441:0|32461:0"
cache=0:1:1461906;source=0:2561671;face=0:0,0,1,1461906,0,2561671,4,3996,4172,4133,13,1,1,2,1211916:0,1100858:0,1211927:0,1211993:0,1211918:0,1100858:0,1211927:0,1211995:0,0,temporal_neighbour,0,1100858:0,1211916:0,1211927:0,1211993:0,2,1,2,1,2,3,3,2,1,2,1,2,"element=4;role=temporal_neighbour;face=1100858:0|1211916:0|1211927:0|1211993:0;edge=3996,4172,4133,13,1,1,2,4","element=4;role=temporal_neighbour;face=1100858:0|1211916:0|1211927:0|1211993:0"
cache=0:1:1461906;source=0:2561671;face=0:1,0,1,1461906,0,2561671,4,3996,4172,4133,13,1,1,2,1211916:0,1100858:0,1211927:0,1211993:0,1211918:0,1100858:0,1211927:0,1211995:0,0,temporal_neighbour,1,1100858:0,1211918:0,1211927:0,1211995:0,2,3,2,3,-2,-5,5,2,1,2,1,2,"element=4;role=temporal_neighbour;face=1100858:0|1211918:0|1211927:0|1211995:0;edge=3996,4172,4133,13,1,1,2,4","element=4;role=temporal_neighbour;face=1100858:0|1211918:0|1211927:0|1211995:0"
cache=0:1:1471552;source=0:2607452;face=0:0,0,1,1471552,0,2607452,2,4017,4164,4136,13,1,1,0,383811:0,652228:0,653114:0,653191:0,383811:0,652241:0,653115:0,653191:0,0,temporal_neighbour,0,383811:0,652228:0,653191:0,653114:0,2,1,2,1,2,3,3,2,1,2,1,2,"element=2;role=temporal_neighbour;face=383811:0|652228:0|653191:0|653114:0;edge=4017,4164,4136,13,1,1,0,2","element=2;role=temporal_neighbour;face=383811:0|652228:0|653191:0|653114:0"
cache=0:1:1471552;source=0:2607452;face=0:1,0,1,1471552,0,2607452,2,4017,4164,4136,13,1,1,0,383811:0,652228:0,653114:0,653191:0,383811:0,652241:0,653115:0,653191:0,0,temporal_neighbour,1,383811:0,652241:0,653191:0,653115:0,2,3,2,3,-2,-5,5,2,1,2,1,2,"element=2;role=temporal_neighbour;face=383811:0|652241:0|653191:0|653115:0;edge=4017,4164,4136,13,1,1,0,2","element=2;role=temporal_neighbour;face=383811:0|652241:0|653191:0|653115:0"
cache=0:1:1483462;source=0:2645737;face=0:0,0,1,1483462,0,2645737,1,4032,4216,4123,13,1,1,2,151547:0,18402:0,18509:0,159867:0,151561:0,18402:0,18509:0,159890:0,0,temporal_neighbour,0,18402:0,151547:0,18509:0,159867:0,2,1,2,1,2,3,3,2,1,2,1,2,"element=1;role=temporal_neighbour;face=18402:0|151547:0|18509:0|159867:0;edge=4032,4216,4123,13,1,1,2,1","element=1;role=temporal_neighbour;face=18402:0|151547:0|18509:0|159867:0"
cache=0:1:1483462;source=0:2645737;face=0:1,0,1,1483462,0,2645737,1,4032,4216,4123,13,1,1,2,151547:0,18402:0,18509:0,159867:0,151561:0,18402:0,18509:0,159890:0,0,temporal_neighbour,1,18402:0,151561:0,18509:0,159890:0,2,3,2,3,-2,-5,5,2,1,2,1,2,"element=1;role=temporal_neighbour;face=18402:0|151561:0|18509:0|159890:0;edge=4032,4216,4123,13,1,1,2,1","element=1;role=temporal_neighbour;face=18402:0|151561:0|18509:0|159890:0"
cache=0:1:1496285;source=0:2683273;face=0:0,0,1,1496285,0,2683273,2,4048,4232,4128,13,1,1,2,731163:0,384086:0,384089:0,731681:0,731171:0,384086:0,384089:0,731687:0,0,temporal_neighbour,0,384086:0,731163:0,384089:0,731681:0,2,1,2,1,2,3,3,2,1,2,1,2,"element=2;role=temporal_neighbour;face=384086:0|731163:0|384089:0|731681:0;edge=4048,4232,4128,13,1,1,2,2","element=2;role=temporal_neighbour;face=384086:0|731163:0|384089:0|731681:0"
cache=0:1:1496285;source=0:2683273;face=0:1,0,1,1496285,0,2683273,2,4048,4232,4128,13,1,1,2,731163:0,384086:0,384089:0,731681:0,731171:0,384086:0,384089:0,731687:0,0,temporal_neighbour,1,384086:0,731171:0,384089:0,731687:0,2,3,2,3,-2,-5,5,2,1,2,1,2,"element=2;role=temporal_neighbour;face=384086:0|731171:0|384089:0|731687:0;edge=4048,4232,4128,13,1,1,2,2","element=2;role=temporal_neighbour;face=384086:0|731171:0|384089:0|731687:0"
cache=0:1:1524622;source=0:2750027;face=0:0,0,1,1524622,0,2750027,1,44,116,68,7,1,1,2,23165:0,23175:0,23166:0,23124:0,23165:0,6301:1,6299:1,23124:0,0,temporal_neighbour,0,23124:0,23166:0,23165:0,23175:0,2,1,2,1,2,3,3,2,1,2,1,2,"element=1;role=temporal_neighbour;face=23124:0|23166:0|23165:0|23175:0;edge=44,116,68,7,1,1,2,1","element=1;role=temporal_neighbour;face=23124:0|23166:0|23165:0|23175:0"
cache=0:1:1524622;source=0:2750027;face=0:1,0,1,1524622,0,2750027,1,44,116,68,7,1,1,2,23165:0,23175:0,23166:0,23124:0,23165:0,6301:1,6299:1,23124:0,0,temporal_neighbour,1,6299:1,23124:0,6301:1,23165:0,3,2,3,2,2,5,5,2,1,2,1,2,"element=1;role=temporal_neighbour;face=6299:1|23124:0|6301:1|23165:0;edge=44,116,68,7,1,1,2,1","element=1;role=temporal_neighbour;face=6299:1|23124:0|6301:1|23165:0"
cache=0:1:1524623;source=0:2750028;face=0:0,0,1,1524623,0,2750028,2,44,116,68,7,1,1,2,388529:0,388540:0,388530:0,388488:0,388529:0,15292:1,15290:1,388488:0,0,temporal_neighbour,0,388488:0,388530:0,388529:0,388540:0,2,1,2,1,2,3,3,2,1,2,1,2,"element=2;role=temporal_neighbour;face=388488:0|388530:0|388529:0|388540:0;edge=44,116,68,7,1,1,2,2","element=2;role=temporal_neighbour;face=388488:0|388530:0|388529:0|388540:0"
cache=0:1:1524623;source=0:2750028;face=0:1,0,1,1524623,0,2750028,2,44,116,68,7,1,1,2,388529:0,388540:0,388530:0,388488:0,388529:0,15292:1,15290:1,388488:0,0,temporal_neighbour,1,15290:1,388488:0,15292:1,388529:0,3,2,3,2,2,5,5,2,1,2,1,2,"element=2;role=temporal_neighbour;face=15290:1|388488:0|15292:1|388529:0;edge=44,116,68,7,1,1,2,2","element=2;role=temporal_neighbour;face=15290:1|388488:0|15292:1|388529:0"
cache=0:1:1525870;source=0:2751275;face=0:0,0,1,1525870,0,2751275,1,232,328,268,9,1,1,2,20487:0,353844:0,20491:0,20505:0,20487:0,7711:1,6255:1,20505:0,0,temporal_neighbour,0,20487:0,20491:0,20505:0,353844:0,2,1,2,1,2,3,3,2,1,2,1,2,"element=1;role=temporal_neighbour;face=20487:0|20491:0|20505:0|353844:0;edge=232,328,268,9,1,1,2,1","element=1;role=temporal_neighbour;face=20487:0|20491:0|20505:0|353844:0"
cache=0:1:1525870;source=0:2751275;face=0:1,0,1,1525870,0,2751275,1,232,328,268,9,1,1,2,20487:0,353844:0,20491:0,20505:0,20487:0,7711:1,6255:1,20505:0,0,temporal_neighbour,1,6255:1,20487:0,7711:1,20505:0,3,2,3,2,2,5,5,2,1,2,1,2,"element=1;role=temporal_neighbour;face=6255:1|20487:0|7711:1|20505:0;edge=232,328,268,9,1,1,2,1","element=1;role=temporal_neighbour;face=6255:1|20487:0|7711:1|20505:0"
cache=0:1:1525871;source=0:2751276;face=0:0,0,1,1525871,0,2751276,2,232,328,268,9,1,1,2,385825:0,1036214:0,385830:0,385847:0,385825:0,17422:1,15244:1,385847:0,0,temporal_neighbour,0,385825:0,385830:0,385847:0,1036214:0,2,1,2,1,2,3,3,2,1,2,1,2,"element=2;role=temporal_neighbour;face=385825:0|385830:0|385847:0|1036214:0;edge=232,328,268,9,1,1,2,2","element=2;role=temporal_neighbour;face=385825:0|385830:0|385847:0|1036214:0"
cache=0:1:1525871;source=0:2751276;face=0:1,0,1,1525871,0,2751276,2,232,328,268,9,1,1,2,385825:0,1036214:0,385830:0,385847:0,385825:0,17422:1,15244:1,385847:0,0,temporal_neighbour,1,15244:1,385825:0,17422:1,385847:0,3,2,3,2,2,5,5,2,1,2,1,2,"element=2;role=temporal_neighbour;face=15244:1|385825:0|17422:1|385847:0;edge=232,328,268,9,1,1,2,2","element=2;role=temporal_neighbour;face=15244:1|385825:0|17422:1|385847:0"
cache=0:1:1525891;source=0:2751296;face=0:0,0,1,1525891,0,2751296,1,240,240,257,9,1,1,2,7417:0,7738:0,7571:0,7808:0,7417:0,1511:1,1316:1,7808:0,0,temporal_neighbour,0,7417:0,7571:0,7808:0,7738:0,2,1,2,1,2,3,3,2,1,2,1,2,"element=1;role=temporal_neighbour;face=7417:0|7571:0|7808:0|7738:0;edge=240,240,257,9,1,1,2,1","element=1;role=temporal_neighbour;face=7417:0|7571:0|7808:0|7738:0"
cache=0:1:1525891;source=0:2751296;face=0:1,0,1,1525891,0,2751296,1,240,240,257,9,1,1,2,7417:0,7738:0,7571:0,7808:0,7417:0,1511:1,1316:1,7808:0,0,temporal_neighbour,1,1316:1,7417:0,1511:1,7808:0,3,2,3,2,2,5,5,2,1,2,1,2,"element=1;role=temporal_neighbour;face=1316:1|7417:0|1511:1|7808:0;edge=240,240,257,9,1,1,2,1","element=1;role=temporal_neighbour;face=1316:1|7417:0|1511:1|7808:0"
cache=0:1:1525892;source=0:2751297;face=0:0,0,1,1525892,0,2751297,2,240,240,257,9,1,1,2,371000:0,371348:0,371156:0,371420:0,371000:0,8670:1,8442:1,371420:0,0,temporal_neighbour,0,371000:0,371156:0,371420:0,371348:0,2,1,2,1,2,3,3,2,1,2,1,2,"element=2;role=temporal_neighbour;face=371000:0|371156:0|371420:0|371348:0;edge=240,240,257,9,1,1,2,2","element=2;role=temporal_neighbour;face=371000:0|371156:0|371420:0|371348:0"
cache=0:1:1525892;source=0:2751297;face=0:1,0,1,1525892,0,2751297,2,240,240,257,9,1,1,2,371000:0,371348:0,371156:0,371420:0,371000:0,8670:1,8442:1,371420:0,0,temporal_neighbour,1,8442:1,371000:0,8670:1,371420:0,3,2,3,2,2,5,5,2,1,2,1,2,"element=2;role=temporal_neighbour;face=8442:1|371000:0|8670:1|371420:0;edge=240,240,257,9,1,1,2,2","element=2;role=temporal_neighbour;face=8442:1|371000:0|8670:1|371420:0"
cache=0:1:1526560;source=0:2751965;face=0:0,0,1,1526560,0,2751965,1,249,248,256,9,1,1,0,5238:0,7984:0,5255:0,8126:0,5238:0,1758:1,948:1,8126:0,0,temporal_neighbour,0,5238:0,5255:0,8126:0,7984:0,2,1,2,1,2,3,3,2,1,2,1,2,"element=1;role=temporal_neighbour;face=5238:0|5255:0|8126:0|7984:0;edge=249,248,256,9,1,1,0,1","element=1;role=temporal_neighbour;face=5238:0|5255:0|8126:0|7984:0"
cache=0:1:1526560;source=0:2751965;face=0:1,0,1,1526560,0,2751965,1,249,248,256,9,1,1,0,5238:0,7984:0,5255:0,8126:0,5238:0,1758:1,948:1,8126:0,0,temporal_neighbour,1,948:1,5238:0,1758:1,8126:0,3,2,3,2,2,5,5,2,1,2,1,2,"element=1;role=temporal_neighbour;face=948:1|5238:0|1758:1|8126:0;edge=249,248,256,9,1,1,0,1","element=1;role=temporal_neighbour;face=948:1|5238:0|1758:1|8126:0"
cache=0:1:1526561;source=0:2751966;face=0:0,0,1,1526561,0,2751966,2,249,248,256,9,1,1,0,368836:0,371611:0,368849:0,371756:0,368836:0,8941:1,8088:1,371756:0,0,temporal_neighbour,0,368836:0,368849:0,371756:0,371611:0,2,1,2,1,2,3,3,2,1,2,1,2,"element=2;role=temporal_neighbour;face=368836:0|368849:0|371756:0|371611:0;edge=249,248,256,9,1,1,0,2","element=2;role=temporal_neighbour;face=368836:0|368849:0|371756:0|371611:0"
cache=0:1:1526561;source=0:2751966;face=0:1,0,1,1526561,0,2751966,2,249,248,256,9,1,1,0,368836:0,371611:0,368849:0,371756:0,368836:0,8941:1,8088:1,371756:0,0,temporal_neighbour,1,8088:1,368836:0,8941:1,371756:0,3,2,3,2,2,5,5,2,1,2,1,2,"element=2;role=temporal_neighbour;face=8088:1|368836:0|8941:1|371756:0;edge=249,248,256,9,1,1,0,2","element=2;role=temporal_neighbour;face=8088:1|368836:0|8941:1|371756:0"
cache=0:1:1527348;source=0:2752753;face=0:0,0,1,1527348,0,2752753,3,256,262,256,9,1,1,2,1062943:0,1062958:0,1063989:0,1064025:0,18998:1,1062958:0,1063989:0,19071:1,0,temporal_neighbour,0,1062943:0,1062958:0,1064025:0,1063989:0,1,2,1,2,-2,-3,3,2,1,2,1,2,"element=3;role=temporal_neighbour;face=1062943:0|1062958:0|1064025:0|1063989:0;edge=256,262,256,9,1,1,2,3","element=3;role=temporal_neighbour;face=1062943:0|1062958:0|1064025:0|1063989:0"
cache=0:1:1527348;source=0:2752753;face=0:1,0,1,1527348,0,2752753,3,256,262,256,9,1,1,2,1062943:0,1062958:0,1063989:0,1064025:0,18998:1,1062958:0,1063989:0,19071:1,0,temporal_neighbour,1,18998:1,1062958:0,19071:1,1063989:0,3,2,3,2,2,5,5,2,1,2,1,2,"element=3;role=temporal_neighbour;face=18998:1|1062958:0|19071:1|1063989:0;edge=256,262,256,9,1,1,2,3","element=3;role=temporal_neighbour;face=18998:1|1062958:0|19071:1|1063989:0"
cache=0:1:1528844;source=0:2754249;face=0:0,0,1,1528844,0,2754249,1,432,536,536,10,1,1,2,17833:0,51820:0,17859:0,55326:0,17833:0,6881:1,6141:1,55326:0,0,temporal_neighbour,0,17833:0,17859:0,55326:0,51820:0,2,1,2,1,2,3,3,2,1,2,1,2,"element=1;role=temporal_neighbour;face=17833:0|17859:0|55326:0|51820:0;edge=432,536,536,10,1,1,2,1","element=1;role=temporal_neighbour;face=17833:0|17859:0|55326:0|51820:0"
cache=0:1:1528844;source=0:2754249;face=0:1,0,1,1528844,0,2754249,1,432,536,536,10,1,1,2,17833:0,51820:0,17859:0,55326:0,17833:0,6881:1,6141:1,55326:0,0,temporal_neighbour,1,6141:1,17833:0,6881:1,55326:0,3,2,3,2,2,5,5,2,1,2,1,2,"element=1;role=temporal_neighbour;face=6141:1|17833:0|6881:1|55326:0;edge=432,536,536,10,1,1,2,1","element=1;role=temporal_neighbour;face=6141:1|17833:0|6881:1|55326:0"
cache=0:1:1528845;source=0:2754250;face=0:0,0,1,1528845,0,2754250,2,432,536,536,10,1,1,2,383314:0,437883:0,383341:0,443630:0,383314:0,15931:1,15085:1,443630:0,0,temporal_neighbour,0,383314:0,383341:0,443630:0,437883:0,2,1,2,1,2,3,3,2,1,2,1,2,"element=2;role=temporal_neighbour;face=383314:0|383341:0|443630:0|437883:0;edge=432,536,536,10,1,1,2,2","element=2;role=temporal_neighbour;face=383314:0|383341:0|443630:0|437883:0"
cache=0:1:1528845;source=0:2754250;face=0:1,0,1,1528845,0,2754250,2,432,536,536,10,1,1,2,383314:0,437883:0,383341:0,443630:0,383314:0,15931:1,15085:1,443630:0,0,temporal_neighbour,1,15085:1,383314:0,15931:1,443630:0,3,2,3,2,2,5,5,2,1,2,1,2,"element=2;role=temporal_neighbour;face=15085:1|383314:0|15931:1|443630:0;edge=432,536,536,10,1,1,2,2","element=2;role=temporal_neighbour;face=15085:1|383314:0|15931:1|443630:0"
cache=0:1:1548370;source=0:2890620;face=0:0,0,1,1548370,0,2890620,1,240,312,265,9,1,1,2,310020:0,19248:0,19268:0,19278:0,310020:0,6242:1,6248:1,19278:0,0,temporal_neighbour,0,19248:0,19278:0,19268:0,310020:0,1,2,1,2,-2,-3,3,2,1,2,1,2,"element=1;role=temporal_neighbour;face=19248:0|19278:0|19268:0|310020:0;edge=240,312,265,9,1,1,2,1","element=1;role=temporal_neighbour;face=19248:0|19278:0|19268:0|310020:0"
cache=0:1:1548370;source=0:2890620;face=0:1,0,1,1548370,0,2890620,1,240,312,265,9,1,1,2,310020:0,19248:0,19268:0,19278:0,310020:0,6242:1,6248:1,19278:0,0,temporal_neighbour,1,6242:1,19278:0,6248:1,310020:0,3,2,3,2,2,5,5,2,1,2,1,2,"element=1;role=temporal_neighbour;face=6242:1|19278:0|6248:1|310020:0;edge=240,312,265,9,1,1,2,1","element=1;role=temporal_neighbour;face=6242:1|19278:0|6248:1|310020:0"
cache=0:1:1548371;source=0:2890621;face=0:0,0,1,1548371,0,2890621,2,240,312,265,9,1,1,2,973819:0,384601:0,384623:0,384633:0,973819:0,15231:1,15237:1,384633:0,0,temporal_neighbour,0,384601:0,384633:0,384623:0,973819:0,1,2,1,2,-2,-3,3,2,1,2,1,2,"element=2;role=temporal_neighbour;face=384601:0|384633:0|384623:0|973819:0;edge=240,312,265,9,1,1,2,2","element=2;role=temporal_neighbour;face=384601:0|384633:0|384623:0|973819:0"
cache=0:1:1548371;source=0:2890621;face=0:1,0,1,1548371,0,2890621,2,240,312,265,9,1,1,2,973819:0,384601:0,384623:0,384633:0,973819:0,15231:1,15237:1,384633:0,0,temporal_neighbour,1,15231:1,384633:0,15237:1,973819:0,3,2,3,2,2,5,5,2,1,2,1,2,"element=2;role=temporal_neighbour;face=15231:1|384633:0|15237:1|973819:0;edge=240,312,265,9,1,1,2,2","element=2;role=temporal_neighbour;face=15231:1|384633:0|15237:1|973819:0"
cache=0:1:1548978;source=0:2892277;face=0:0,0,1,1548978,0,2892277,1,428,540,535,10,1,1,2,17835:0,51288:0,51251:0,51471:0,17835:0,51291:0,6129:1,51471:0,0,temporal_neighbour,0,17835:0,51251:0,51471:0,51288:0,2,1,2,1,2,3,3,2,1,2,1,2,"element=1;role=temporal_neighbour;face=17835:0|51251:0|51471:0|51288:0;edge=428,540,535,10,1,1,2,1","element=1;role=temporal_neighbour;face=17835:0|51251:0|51471:0|51288:0"
cache=0:1:1548978;source=0:2892277;face=0:1,0,1,1548978,0,2892277,1,428,540,535,10,1,1,2,17835:0,51288:0,51251:0,51471:0,17835:0,51291:0,6129:1,51471:0,0,temporal_neighbour,1,6129:1,17835:0,51291:0,51471:0,3,2,3,2,2,5,5,2,1,2,1,2,"element=1;role=temporal_neighbour;face=6129:1|17835:0|51291:0|51471:0;edge=428,540,535,10,1,1,2,1","element=1;role=temporal_neighbour;face=6129:1|17835:0|51291:0|51471:0"
cache=0:1:1548979;source=0:2892278;face=0:0,0,1,1548979,0,2892278,2,428,540,535,10,1,1,2,383316:0,436840:0,436793:0,437105:0,383316:0,436843:0,15070:1,437105:0,0,temporal_neighbour,0,383316:0,436793:0,437105:0,436840:0,2,1,2,1,2,3,3,2,1,2,1,2,"element=2;role=temporal_neighbour;face=383316:0|436793:0|437105:0|436840:0;edge=428,540,535,10,1,1,2,2","element=2;role=temporal_neighbour;face=383316:0|436793:0|437105:0|436840:0"
cache=0:1:1548979;source=0:2892278;face=0:1,0,1,1548979,0,2892278,2,428,540,535,10,1,1,2,383316:0,436840:0,436793:0,437105:0,383316:0,436843:0,15070:1,437105:0,0,temporal_neighbour,1,15070:1,383316:0,436843:0,437105:0,3,2,3,2,2,5,5,2,1,2,1,2,"element=2;role=temporal_neighbour;face=15070:1|383316:0|436843:0|437105:0;edge=428,540,535,10,1,1,2,2","element=2;role=temporal_neighbour;face=15070:1|383316:0|436843:0|437105:0"
cache=0:1:1549559;source=0:2893400;face=0:0,0,1,1549559,0,2893400,2,504,560,524,10,1,1,2,384361:0,868099:0,384365:0,384404:0,384361:0,15191:1,15189:1,384404:0,0,temporal_neighbour,0,384361:0,384365:0,384404:0,868099:0,2,1,2,1,2,3,3,2,1,2,1,2,"element=2;role=temporal_neighbour;face=384361:0|384365:0|384404:0|868099:0;edge=504,560,524,10,1,1,2,2","element=2;role=temporal_neighbour;face=384361:0|384365:0|384404:0|868099:0"
cache=0:1:1549559;source=0:2893400;face=0:1,0,1,1549559,0,2893400,2,504,560,524,10,1,1,2,384361:0,868099:0,384365:0,384404:0,384361:0,15191:1,15189:1,384404:0,0,temporal_neighbour,1,15189:1,384361:0,15191:1,384404:0,3,2,3,2,2,5,5,2,1,2,1,2,"element=2;role=temporal_neighbour;face=15189:1|384361:0|15191:1|384404:0;edge=504,560,524,10,1,1,2,2","element=2;role=temporal_neighbour;face=15189:1|384361:0|15191:1|384404:0"
cache=0:1:1549560;source=0:2893401;face=0:0,0,1,1549560,0,2893401,4,504,560,524,10,1,1,2,1101466:0,1285481:0,1101468:0,1101525:0,1101466:0,21438:1,21437:1,1101525:0,0,temporal_neighbour,0,1101466:0,1101468:0,1101525:0,1285481:0,2,1,2,1,2,3,3,2,1,2,1,2,"element=4;role=temporal_neighbour;face=1101466:0|1101468:0|1101525:0|1285481:0;edge=504,560,524,10,1,1,2,4","element=4;role=temporal_neighbour;face=1101466:0|1101468:0|1101525:0|1285481:0"
cache=0:1:1549560;source=0:2893401;face=0:1,0,1,1549560,0,2893401,4,504,560,524,10,1,1,2,1101466:0,1285481:0,1101468:0,1101525:0,1101466:0,21438:1,21437:1,1101525:0,0,temporal_neighbour,1,21437:1,1101466:0,21438:1,1101525:0,3,2,3,2,2,5,5,2,1,2,1,2,"element=4;role=temporal_neighbour;face=21437:1|1101466:0|21438:1|1101525:0;edge=504,560,524,10,1,1,2,4","element=4;role=temporal_neighbour;face=21437:1|1101466:0|21438:1|1101525:0"
cache=0:1:1549947;source=0:2894225;face=0:0,0,1,1549947,0,2894225,4,700,1168,1104,11,1,1,0,1100115:0,1100120:0,1115547:0,1115688:0,21405:1,1100120:0,1115547:0,1115666:0,0,temporal_neighbour,0,1100115:0,1100120:0,1115688:0,1115547:0,1,2,1,2,-2,-3,3,2,1,2,1,2,"element=4;role=temporal_neighbour;face=1100115:0|1100120:0|1115688:0|1115547:0;edge=700,1168,1104,11,1,1,0,4","element=4;role=temporal_neighbour;face=1100115:0|1100120:0|1115688:0|1115547:0"
cache=0:1:1549947;source=0:2894225;face=0:1,0,1,1549947,0,2894225,4,700,1168,1104,11,1,1,0,1100115:0,1100120:0,1115547:0,1115688:0,21405:1,1100120:0,1115547:0,1115666:0,0,temporal_neighbour,1,21405:1,1100120:0,1115666:0,1115547:0,3,2,3,2,2,5,5,2,1,2,1,2,"element=4;role=temporal_neighbour;face=21405:1|1100120:0|1115666:0|1115547:0;edge=700,1168,1104,11,1,1,0,4","element=4;role=temporal_neighbour;face=21405:1|1100120:0|1115666:0|1115547:0"
cache=0:1:1549948;source=0:2894227;face=0:0,0,1,1549948,0,2894227,4,701,1168,1104,11,1,1,0,1100115:0,1115547:0,1100120:0,1115689:0,21405:1,1115547:0,1100120:0,1115666:0,0,temporal_neighbour,0,1100115:0,1100120:0,1115689:0,1115547:0,1,2,1,2,-2,-3,3,2,1,2,1,2,"element=4;role=temporal_neighbour;face=1100115:0|1100120:0|1115689:0|1115547:0;edge=701,1168,1104,11,1,1,0,4","element=4;role=temporal_neighbour;face=1100115:0|1100120:0|1115689:0|1115547:0"
cache=0:1:1549948;source=0:2894227;face=0:1,0,1,1549948,0,2894227,4,701,1168,1104,11,1,1,0,1100115:0,1115547:0,1100120:0,1115689:0,21405:1,1115547:0,1100120:0,1115666:0,0,temporal_neighbour,1,21405:1,1100120:0,1115666:0,1115547:0,3,2,3,2,2,5,5,2,1,2,1,2,"element=4;role=temporal_neighbour;face=21405:1|1100120:0|1115666:0|1115547:0;edge=701,1168,1104,11,1,1,0,4","element=4;role=temporal_neighbour;face=21405:1|1100120:0|1115666:0|1115547:0"
cache=0:1:1553922;source=0:2900033;face=0:0,0,1,1553922,0,2900033,1,1024,1040,1027,11,1,1,2,146441:0,18475:0,23322:0,23372:0,146441:0,6175:1,6347:1,23372:0,0,temporal_neighbour,0,18475:0,23372:0,23322:0,146441:0,1,2,1,2,-2,-3,3,2,1,2,1,2,"element=1;role=temporal_neighbour;face=18475:0|23372:0|23322:0|146441:0;edge=1024,1040,1027,11,1,1,2,1","element=1;role=temporal_neighbour;face=18475:0|23372:0|23322:0|146441:0"
cache=0:1:1553922;source=0:2900033;face=0:1,0,1,1553922,0,2900033,1,1024,1040,1027,11,1,1,2,146441:0,18475:0,23322:0,23372:0,146441:0,6175:1,6347:1,23372:0,0,temporal_neighbour,1,6175:1,23372:0,6347:1,146441:0,3,2,3,2,2,5,5,2,1,2,1,2,"element=1;role=temporal_neighbour;face=6175:1|23372:0|6347:1|146441:0;edge=1024,1040,1027,11,1,1,2,1","element=1;role=temporal_neighbour;face=6175:1|23372:0|6347:1|146441:0"
cache=0:1:1563912;source=0:2911872;face=0:0,0,1,1563912,0,2911872,0,2016,2048,2048,12,1,1,2,5093:0,3206:0,1525:0,3208:0,5093:0,767:1,437:1,3208:0,0,temporal_neighbour,0,1525:0,3208:0,3206:0,5093:0,1,2,1,2,-2,-3,3,2,1,2,1,2,"element=0;role=temporal_neighbour;face=1525:0|3208:0|3206:0|5093:0;edge=2016,2048,2048,12,1,1,2,0","element=0;role=temporal_neighbour;face=1525:0|3208:0|3206:0|5093:0"
cache=0:1:1563912;source=0:2911872;face=0:1,0,1,1563912,0,2911872,0,2016,2048,2048,12,1,1,2,5093:0,3206:0,1525:0,3208:0,5093:0,767:1,437:1,3208:0,0,temporal_neighbour,1,437:1,3208:0,767:1,5093:0,3,2,3,2,2,5,5,2,1,2,1,2,"element=0;role=temporal_neighbour;face=437:1|3208:0|767:1|5093:0;edge=2016,2048,2048,12,1,1,2,0","element=0;role=temporal_neighbour;face=437:1|3208:0|767:1|5093:0"
cache=0:2:1641778;source=0:1443090;face=0:0,0,2,1641778,0,1443090,2,235,317,265,9,1,0,2,384607:0,977407:0,977401:0,384608:0,384607:4,977407:4,977401:4,384608:4,0,temporal_neighbour,0,384607:0,977401:0,384608:0,977407:0,2,3,2,3,-2,-5,5,2,1,2,1,2,"element=2;role=temporal_neighbour;face=384607:0|977401:0|384608:0|977407:0;edge=235,317,265,9,1,0,2,2","element=2;role=temporal_neighbour;face=384607:0|977401:0|384608:0|977407:0"
cache=0:2:1681758;source=0:1484997;face=0:0,0,2,1681758,0,1484997,1,454,527,527,10,1,0,2,17978:0,78746:0,78767:0,17980:0,17978:4,78746:4,78767:4,17980:4,0,temporal_neighbour,0,17978:0,78746:0,17980:0,78767:0,2,3,2,3,-2,-5,5,2,1,2,1,2,"element=1;role=temporal_neighbour;face=17978:0|78746:0|17980:0|78767:0;edge=454,527,527,10,1,0,2,1","element=1;role=temporal_neighbour;face=17978:0|78746:0|17980:0|78767:0"
cache=0:2:1682015;source=0:1485332;face=0:0,0,2,1682015,0,1485332,2,470,634,531,10,1,0,2,384607:0,977407:0,977401:0,384608:0,384607:4,977407:4,977401:4,384608:4,0,temporal_neighbour,0,384607:0,977401:0,384608:0,977407:0,2,3,2,3,-2,-5,5,2,1,2,1,2,"element=2;role=temporal_neighbour;face=384607:0|977401:0|384608:0|977407:0;edge=470,634,531,10,1,0,2,2","element=2;role=temporal_neighbour;face=384607:0|977401:0|384608:0|977407:0"
cache=0:2:1701858;source=0:1505774;face=0:0,0,2,1701858,0,1505774,1,714,1162,1108,11,1,0,2,37389:0,37403:0,37390:0,37391:0,37389:4,37403:4,37390:4,37391:4,0,temporal_neighbour,0,37389:0,37390:0,37391:0,37403:0,2,3,2,3,-2,-5,5,2,1,2,1,2,"element=1;role=temporal_neighbour;face=37389:0|37390:0|37391:0|37403:0;edge=714,1162,1108,11,1,0,2,1","element=1;role=temporal_neighbour;face=37389:0|37390:0|37391:0|37403:0"
cache=0:2:1701859;source=0:1505775;face=0:0,0,2,1701859,0,1505775,2,714,1162,1108,11,1,0,2,415792:0,415812:0,415793:0,415794:0,415792:4,415812:4,415793:4,415794:4,0,temporal_neighbour,0,415792:0,415793:0,415794:0,415812:0,2,3,2,3,-2,-5,5,2,1,2,1,2,"element=2;role=temporal_neighbour;face=415792:0|415793:0|415794:0|415812:0;edge=714,1162,1108,11,1,0,2,2","element=2;role=temporal_neighbour;face=415792:0|415793:0|415794:0|415812:0"
cache=0:2:1709726;source=0:1513910;face=0:0,0,2,1709726,0,1513910,1,724,1156,1112,11,1,0,2,17683:0,37778:0,37771:0,37797:0,17683:4,37778:4,37771:4,37797:4,0,temporal_neighbour,0,17683:0,37771:0,37797:0,37778:0,2,3,2,3,-2,-5,5,2,1,2,1,2,"element=1;role=temporal_neighbour;face=17683:0|37771:0|37797:0|37778:0;edge=724,1156,1112,11,1,0,2,1","element=1;role=temporal_neighbour;face=17683:0|37771:0|37797:0|37778:0"
cache=0:2:1709727;source=0:1513911;face=0:0,0,2,1709727,0,1513911,2,724,1156,1112,11,1,0,2,383182:0,416294:0,416278:0,416323:0,383182:4,416294:4,416278:4,416323:4,0,temporal_neighbour,0,383182:0,416278:0,416323:0,416294:0,2,3,2,3,-2,-5,5,2,1,2,1,2,"element=2;role=temporal_neighbour;face=383182:0|416278:0|416323:0|416294:0;edge=724,1156,1112,11,1,0,2,2","element=2;role=temporal_neighbour;face=383182:0|416278:0|416323:0|416294:0"
cache=0:2:1717071;source=0:1521360;face=0:0,0,2,1717071,0,1521360,1,732,1152,1108,11,1,0,2,17404:0,37514:0,35186:0,37523:0,17404:4,37514:4,35186:4,37523:4,0,temporal_neighbour,0,17404:0,35186:0,37523:0,37514:0,2,3,2,3,-2,-5,5,2,1,2,1,2,"element=1;role=temporal_neighbour;face=17404:0|35186:0|37523:0|37514:0;edge=732,1152,1108,11,1,0,2,1","element=1;role=temporal_neighbour;face=17404:0|35186:0|37523:0|37514:0"
cache=0:2:1717072;source=0:1521361;face=0:0,0,2,1717072,0,1521361,2,732,1152,1108,11,1,0,2,382907:0,415961:0,412028:0,415978:0,382907:4,415961:4,412028:4,415978:4,0,temporal_neighbour,0,382907:0,412028:0,415978:0,415961:0,2,3,2,3,-2,-5,5,2,1,2,1,2,"element=2;role=temporal_neighbour;face=382907:0|412028:0|415978:0|415961:0;edge=732,1152,1108,11,1,0,2,2","element=2;role=temporal_neighbour;face=382907:0|412028:0|415978:0|415961:0"
cache=0:2:1737119;source=0:1541683;face=0:0,0,2,1737119,0,1541683,1,750,1142,1096,11,1,0,2,35234:0,35247:0,35235:0,35236:0,35234:4,35247:4,35235:4,35236:4,0,temporal_neighbour,0,35234:0,35235:0,35236:0,35247:0,2,3,2,3,-2,-5,5,2,1,2,1,2,"element=1;role=temporal_neighbour;face=35234:0|35235:0|35236:0|35247:0;edge=750,1142,1096,11,1,0,2,1","element=1;role=temporal_neighbour;face=35234:0|35235:0|35236:0|35247:0"
cache=0:2:1737120;source=0:1541684;face=0:0,0,2,1737120,0,1541684,2,750,1142,1096,11,1,0,2,412087:0,412109:0,412089:0,412090:0,412087:4,412109:4,412089:4,412090:4,0,temporal_neighbour,0,412087:0,412089:0,412090:0,412109:0,2,3,2,3,-2,-5,5,2,1,2,1,2,"element=2;role=temporal_neighbour;face=412087:0|412089:0|412090:0|412109:0;edge=750,1142,1096,11,1,0,2,2","element=2;role=temporal_neighbour;face=412087:0|412089:0|412090:0|412109:0"
cache=0:2:1747424;source=0:1552186;face=0:0,0,2,1747424,0,1552186,1,758,1138,1091,11,1,0,2,35422:0,35439:0,35423:0,35427:0,35422:4,35439:4,35423:4,35427:4,0,temporal_neighbour,0,35422:0,35423:0,35427:0,35439:0,2,3,2,3,-2,-5,5,2,1,2,1,2,"element=1;role=temporal_neighbour;face=35422:0|35423:0|35427:0|35439:0;edge=758,1138,1091,11,1,0,2,1","element=1;role=temporal_neighbour;face=35422:0|35423:0|35427:0|35439:0"
cache=0:2:1747425;source=0:1552187;face=0:0,0,2,1747425,0,1552187,2,758,1138,1091,11,1,0,2,412333:0,412348:0,412334:0,412336:0,412333:4,412348:4,412334:4,412336:4,0,temporal_neighbour,0,412333:0,412334:0,412336:0,412348:0,2,3,2,3,-2,-5,5,2,1,2,1,2,"element=2;role=temporal_neighbour;face=412333:0|412334:0|412336:0|412348:0;edge=758,1138,1091,11,1,0,2,2","element=2;role=temporal_neighbour;face=412333:0|412334:0|412336:0|412348:0"
cache=0:2:1747427;source=0:1552189;face=0:0,0,2,1747427,0,1552189,4,758,1138,1091,11,1,0,2,1115429:0,1115430:0,1115438:0,1115431:0,1115429:4,1115430:4,1115438:4,1115431:4,0,temporal_neighbour,0,1115429:0,1115430:0,1115431:0,1115438:0,2,3,2,3,-2,-5,5,2,1,2,1,2,"element=4;role=temporal_neighbour;face=1115429:0|1115430:0|1115431:0|1115438:0;edge=758,1138,1091,11,1,0,2,4","element=4;role=temporal_neighbour;face=1115429:0|1115430:0|1115431:0|1115438:0"
cache=0:2:1747428;source=0:1552194;face=0:0,0,2,1747428,0,1552194,4,758,1138,1092,11,1,0,2,1115459:0,1115470:0,1115460:0,1115461:0,1115459:4,1115470:4,1115460:4,1115461:4,0,temporal_neighbour,0,1115459:0,1115460:0,1115461:0,1115470:0,2,3,2,3,-2,-5,5,2,1,2,1,2,"element=4;role=temporal_neighbour;face=1115459:0|1115460:0|1115461:0|1115470:0;edge=758,1138,1092,11,1,0,2,4","element=4;role=temporal_neighbour;face=1115459:0|1115460:0|1115461:0|1115470:0"
cache=0:2:1749834;source=0:1554617;face=0:0,0,2,1749834,0,1554617,1,760,1136,1090,11,1,0,2,35193:0,35423:0,35198:0,35545:0,35193:4,35423:4,35198:4,35545:4,0,temporal_neighbour,0,35193:0,35198:0,35545:0,35423:0,2,3,2,3,-2,-5,5,2,1,2,1,2,"element=1;role=temporal_neighbour;face=35193:0|35198:0|35545:0|35423:0;edge=760,1136,1090,11,1,0,2,1","element=1;role=temporal_neighbour;face=35193:0|35198:0|35545:0|35423:0"
cache=0:2:1749836;source=0:1554621;face=0:0,0,2,1749836,0,1554621,2,760,1136,1091,11,1,0,2,412044:0,412334:0,412050:0,412499:0,412044:4,412334:4,412050:4,412499:4,0,temporal_neighbour,0,412044:0,412050:0,412499:0,412334:0,2,3,2,3,-2,-5,5,2,1,2,1,2,"element=2;role=temporal_neighbour;face=412044:0|412050:0|412499:0|412334:0;edge=760,1136,1091,11,1,0,2,2","element=2;role=temporal_neighbour;face=412044:0|412050:0|412499:0|412334:0"
cache=0:2:1760291;source=0:1565218;face=0:0,0,2,1760291,0,1565218,4,768,1132,1080,11,1,0,2,1100081:0,1127203:0,1115279:0,1127256:0,1100081:4,1127203:4,1115279:4,1127256:4,0,temporal_neighbour,0,1100081:0,1115279:0,1127256:0,1127203:0,2,3,2,3,-2,-5,5,2,1,2,1,2,"element=4;role=temporal_neighbour;face=1100081:0|1115279:0|1127256:0|1127203:0;edge=768,1132,1080,11,1,0,2,4","element=4;role=temporal_neighbour;face=1100081:0|1115279:0|1127256:0|1127203:0"
cache=0:2:1760292;source=0:1565220;face=0:0,0,2,1760292,0,1565220,1,768,1132,1081,11,1,0,2,17358:0,34941:0,56900:0,56949:0,17358:4,34941:4,56900:4,56949:4,0,temporal_neighbour,0,17358:0,34941:0,56949:0,56900:0,2,3,2,3,-2,-5,5,2,1,2,1,2,"element=1;role=temporal_neighbour;face=17358:0|34941:0|56949:0|56900:0;edge=768,1132,1081,11,1,0,2,1","element=1;role=temporal_neighbour;face=17358:0|34941:0|56949:0|56900:0"
cache=0:2:1760293;source=0:1565221;face=0:0,0,2,1760293,0,1565221,4,768,1132,1081,11,1,0,2,1100081:0,1115280:0,1127203:0,1127260:0,1100081:4,1115280:4,1127203:4,1127260:4,0,temporal_neighbour,0,1100081:0,1115280:0,1127260:0,1127203:0,2,3,2,3,-2,-5,5,2,1,2,1,2,"element=4;role=temporal_neighbour;face=1100081:0|1115280:0|1127260:0|1127203:0;edge=768,1132,1081,11,1,0,2,4","element=4;role=temporal_neighbour;face=1100081:0|1115280:0|1127260:0|1127203:0"
cache=0:2:1760298;source=0:1565232;face=0:0,0,2,1760298,0,1565232,2,768,1132,1082,11,1,0,2,382858:0,411765:0,447696:0,447801:0,382858:4,411765:4,447696:4,447801:4,0,temporal_neighbour,0,382858:0,411765:0,447801:0,447696:0,2,3,2,3,-2,-5,5,2,1,2,1,2,"element=2;role=temporal_neighbour;face=382858:0|411765:0|447801:0|447696:0;edge=768,1132,1082,11,1,0,2,2","element=2;role=temporal_neighbour;face=382858:0|411765:0|447801:0|447696:0"
cache=0:2:1770938;source=0:1576018;face=0:0,0,2,1770938,0,1576018,4,776,1128,1081,11,1,0,2,1100203:0,1127137:0,1127249:0,1127311:0,1100203:4,1127137:4,1127249:4,1127311:4,0,temporal_neighbour,0,1100203:0,1127137:0,1127311:0,1127249:0,2,3,2,3,-2,-5,5,2,1,2,1,2,"element=4;role=temporal_neighbour;face=1100203:0|1127137:0|1127311:0|1127249:0;edge=776,1128,1081,11,1,0,2,4","element=4;role=temporal_neighbour;face=1100203:0|1127137:0|1127311:0|1127249:0"
cache=0:2:1770939;source=0:1576020;face=0:0,0,2,1770939,0,1576020,1,776,1128,1082,11,1,0,2,17895:0,56944:0,56855:0,56997:0,17895:4,56944:4,56855:4,56997:4,0,temporal_neighbour,0,17895:0,56855:0,56997:0,56944:0,2,3,2,3,-2,-5,5,2,1,2,1,2,"element=1;role=temporal_neighbour;face=17895:0|56855:0|56997:0|56944:0;edge=776,1128,1082,11,1,0,2,1","element=1;role=temporal_neighbour;face=17895:0|56855:0|56997:0|56944:0"
cache=0:2:1770940;source=0:1576021;face=0:0,0,2,1770940,0,1576021,2,776,1128,1082,11,1,0,2,383376:0,447767:0,447621:0,447847:0,383376:4,447767:4,447621:4,447847:4,0,temporal_neighbour,0,383376:0,447621:0,447847:0,447767:0,2,3,2,3,-2,-5,5,2,1,2,1,2,"element=2;role=temporal_neighbour;face=383376:0|447621:0|447847:0|447767:0;edge=776,1128,1082,11,1,0,2,2","element=2;role=temporal_neighbour;face=383376:0|447621:0|447847:0|447767:0"
cache=0:2:1770941;source=0:1576022;face=0:0,0,2,1770941,0,1576022,4,776,1128,1082,11,1,0,2,1100203:0,1127254:0,1127138:0,1127319:0,1100203:4,1127254:4,1127138:4,1127319:4,0,temporal_neighbour,0,1100203:0,1127138:0,1127319:0,1127254:0,2,3,2,3,-2,-5,5,2,1,2,1,2,"element=4;role=temporal_neighbour;face=1100203:0|1127138:0|1127319:0|1127254:0;edge=776,1128,1082,11,1,0,2,4","element=4;role=temporal_neighbour;face=1100203:0|1127138:0|1127319:0|1127254:0"
cache=0:2:1783732;source=0:1588970;face=0:0,0,2,1783732,0,1588970,1,786,1122,1085,11,1,0,2,57082:0,57084:0,57083:0,57085:0,57082:4,57084:4,57083:4,57085:4,0,temporal_neighbour,0,57082:0,57083:0,57085:0,57084:0,2,3,2,3,-2,-5,5,2,1,2,1,2,"element=1;role=temporal_neighbour;face=57082:0|57083:0|57085:0|57084:0;edge=786,1122,1085,11,1,0,2,1","element=1;role=temporal_neighbour;face=57082:0|57083:0|57085:0|57084:0"
cache=0:2:1783733;source=0:1588971;face=0:0,0,2,1783733,0,1588971,2,786,1122,1085,11,1,0,2,447996:0,447999:0,447998:0,448000:0,447996:4,447999:4,447998:4,448000:4,0,temporal_neighbour,0,447996:0,447998:0,448000:0,447999:0,2,3,2,3,-2,-5,5,2,1,2,1,2,"element=2;role=temporal_neighbour;face=447996:0|447998:0|448000:0|447999:0;edge=786,1122,1085,11,1,0,2,2","element=2;role=temporal_neighbour;face=447996:0|447998:0|448000:0|447999:0"
cache=0:2:1795689;source=0:1601058;face=0:0,0,2,1795689,0,1601058,1,794,1118,1085,11,1,0,2,55844:0,55863:0,55845:0,55850:0,55844:4,55863:4,55845:4,55850:4,0,temporal_neighbour,0,55844:0,55845:0,55850:0,55863:0,2,3,2,3,-2,-5,5,2,1,2,1,2,"element=1;role=temporal_neighbour;face=55844:0|55845:0|55850:0|55863:0;edge=794,1118,1085,11,1,0,2,1","element=1;role=temporal_neighbour;face=55844:0|55845:0|55850:0|55863:0"
cache=0:2:1795693;source=0:1601066;face=0:0,0,2,1795693,0,1601066,2,794,1118,1086,11,1,0,2,446126:0,446163:0,446136:0,446137:0,446126:4,446163:4,446136:4,446137:4,0,temporal_neighbour,0,446126:0,446136:0,446137:0,446163:0,2,3,2,3,-2,-5,5,2,1,2,1,2,"element=2;role=temporal_neighbour;face=446126:0|446136:0|446137:0|446163:0;edge=794,1118,1086,11,1,0,2,2","element=2;role=temporal_neighbour;face=446126:0|446136:0|446137:0|446163:0"
cache=0:2:1811012;source=0:1616550;face=0:0,0,2,1811012,0,1616550,1,804,1112,1079,11,1,0,2,17888:0,56144:0,56011:0,56153:0,17888:4,56144:4,56011:4,56153:4,0,temporal_neighbour,0,17888:0,56011:0,56153:0,56144:0,2,3,2,3,-2,-5,5,2,1,2,1,2,"element=1;role=temporal_neighbour;face=17888:0|56011:0|56153:0|56144:0;edge=804,1112,1079,11,1,0,2,1","element=1;role=temporal_neighbour;face=17888:0|56011:0|56153:0|56144:0"
cache=0:2:1811013;source=0:1616552;face=0:0,0,2,1811013,0,1616552,2,804,1112,1080,11,1,0,2,383372:0,446634:0,446620:0,446670:0,383372:4,446634:4,446620:4,446670:4,0,temporal_neighbour,0,383372:0,446620:0,446670:0,446634:0,2,3,2,3,-2,-5,5,2,1,2,1,2,"element=2;role=temporal_neighbour;face=383372:0|446620:0|446670:0|446634:0;edge=804,1112,1080,11,1,0,2,2","element=2;role=temporal_neighbour;face=383372:0|446620:0|446670:0|446634:0"
cache=0:2:1824587;source=0:1630283;face=0:0,0,2,1824587,0,1630283,1,812,1108,1075,11,1,0,2,17889:0,56070:0,56041:0,56071:0,17889:4,56070:4,56041:4,56071:4,0,temporal_neighbour,0,17889:0,56041:0,56071:0,56070:0,2,3,2,3,-2,-5,5,2,1,2,1,2,"element=1;role=temporal_neighbour;face=17889:0|56041:0|56071:0|56070:0;edge=812,1108,1075,11,1,0,2,1","element=1;role=temporal_neighbour;face=17889:0|56041:0|56071:0|56070:0"
cache=0:2:1824588;source=0:1630284;face=0:0,0,2,1824588,0,1630284,2,812,1108,1075,11,1,0,2,383370:0,446480:0,446453:0,446481:0,383370:4,446480:4,446453:4,446481:4,0,temporal_neighbour,0,383370:0,446453:0,446481:0,446480:0,2,3,2,3,-2,-5,5,2,1,2,1,2,"element=2;role=temporal_neighbour;face=383370:0|446453:0|446481:0|446480:0;edge=812,1108,1075,11,1,0,2,2","element=2;role=temporal_neighbour;face=383370:0|446453:0|446481:0|446480:0"
cache=0:2:1842895;source=0:1648777;face=0:0,0,2,1842895,0,1648777,1,822,1102,1072,11,1,0,2,55930:0,55932:0,55931:0,55933:0,55930:4,55932:4,55931:4,55933:4,0,temporal_neighbour,0,55930:0,55931:0,55933:0,55932:0,2,3,2,3,-2,-5,5,2,1,2,1,2,"element=1;role=temporal_neighbour;face=55930:0|55931:0|55933:0|55932:0;edge=822,1102,1072,11,1,0,2,1","element=1;role=temporal_neighbour;face=55930:0|55931:0|55933:0|55932:0"
cache=0:2:1842896;source=0:1648779;face=0:0,0,2,1842896,0,1648779,2,822,1102,1073,11,1,0,2,446257:0,446259:0,446258:0,446262:0,446257:4,446259:4,446258:4,446262:4,0,temporal_neighbour,0,446257:0,446258:0,446262:0,446259:0,2,3,2,3,-2,-5,5,2,1,2,1,2,"element=2;role=temporal_neighbour;face=446257:0|446258:0|446262:0|446259:0;edge=822,1102,1073,11,1,0,2,2","element=2;role=temporal_neighbour;face=446257:0|446258:0|446262:0|446259:0"
cache=0:2:1856820;source=0:1662818;face=0:0,0,2,1856820,0,1662818,1,830,1098,1071,11,1,0,2,55900:0,55914:0,55901:0,55902:0,55900:4,55914:4,55901:4,55902:4,0,temporal_neighbour,0,55900:0,55901:0,55902:0,55914:0,2,3,2,3,-2,-5,5,2,1,2,1,2,"element=1;role=temporal_neighbour;face=55900:0|55901:0|55902:0|55914:0;edge=830,1098,1071,11,1,0,2,1","element=1;role=temporal_neighbour;face=55900:0|55901:0|55902:0|55914:0"
cache=0:2:1856821;source=0:1662820;face=0:0,0,2,1856821,0,1662820,2,830,1098,1072,11,1,0,2,446303:0,446327:0,446304:0,446305:0,446303:4,446327:4,446304:4,446305:4,0,temporal_neighbour,0,446303:0,446304:0,446305:0,446327:0,2,3,2,3,-2,-5,5,2,1,2,1,2,"element=2;role=temporal_neighbour;face=446303:0|446304:0|446305:0|446327:0;edge=830,1098,1072,11,1,0,2,2","element=2;role=temporal_neighbour;face=446303:0|446304:0|446305:0|446327:0"
cache=0:2:1873682;source=0:1679866;face=0:0,0,2,1873682,0,1679866,1,840,1092,1073,11,1,0,2,61505:0,61516:0,61549:0,61617:0,61505:4,61516:4,61549:4,61617:4,0,temporal_neighbour,0,61505:0,61516:0,61617:0,61549:0,2,3,2,3,-2,-5,5,2,1,2,1,2,"element=1;role=temporal_neighbour;face=61505:0|61516:0|61617:0|61549:0;edge=840,1092,1073,11,1,0,2,1","element=1;role=temporal_neighbour;face=61505:0|61516:0|61617:0|61549:0"
cache=0:2:1873683;source=0:1679867;face=0:0,0,2,1873683,0,1679867,2,840,1092,1073,11,1,0,2,454299:0,454326:0,454379:0,454523:0,454299:4,454326:4,454379:4,454523:4,0,temporal_neighbour,0,454299:0,454326:0,454523:0,454379:0,2,3,2,3,-2,-5,5,2,1,2,1,2,"element=2;role=temporal_neighbour;face=454299:0|454326:0|454523:0|454379:0;edge=840,1092,1073,11,1,0,2,2","element=2;role=temporal_neighbour;face=454299:0|454326:0|454523:0|454379:0"
cache=0:2:1949631;source=0:1758708;face=0:0,0,2,1949631,0,1758708,1,908,1054,1055,11,1,0,2,17978:0,78746:0,78767:0,17980:0,17978:4,78746:4,78767:4,17980:4,0,temporal_neighbour,0,17978:0,78746:0,17980:0,78767:0,2,3,2,3,-2,-5,5,2,1,2,1,2,"element=1;role=temporal_neighbour;face=17978:0|78746:0|17980:0|78767:0;edge=908,1054,1055,11,1,0,2,1","element=1;role=temporal_neighbour;face=17978:0|78746:0|17980:0|78767:0"
cache=0:2:1963353;source=0:1774912;face=0:0,0,2,1963353,0,1774912,2,940,1268,1063,11,1,0,2,384607:0,977407:0,977401:0,384608:0,384607:4,977407:4,977401:4,384608:4,0,temporal_neighbour,0,384607:0,977401:0,384608:0,977407:0,2,3,2,3,-2,-5,5,2,1,2,1,2,"element=2;role=temporal_neighbour;face=384607:0|977401:0|384608:0|977407:0;edge=940,1268,1063,11,1,0,2,2","element=2;role=temporal_neighbour;face=384607:0|977401:0|384608:0|977407:0"
cache=0:2:1999509;source=0:1815062;face=0:0,0,2,1999509,0,1815062,1,1732,2156,2143,12,1,0,2,52945:0,53006:0,52946:0,52947:0,52945:4,53006:4,52946:4,52947:4,0,temporal_neighbour,0,52945:0,52946:0,52947:0,53006:0,2,3,2,3,-2,-5,5,2,1,2,1,2,"element=1;role=temporal_neighbour;face=52945:0|52946:0|52947:0|53006:0;edge=1732,2156,2143,12,1,0,2,1","element=1;role=temporal_neighbour;face=52945:0|52946:0|52947:0|53006:0"
cache=0:2:1999510;source=0:1815063;face=0:0,0,2,1999510,0,1815063,2,1732,2156,2143,12,1,0,2,439964:0,440002:0,439965:0,439966:0,439964:4,440002:4,439965:4,439966:4,0,temporal_neighbour,0,439964:0,439965:0,439966:0,440002:0,2,3,2,3,-2,-5,5,2,1,2,1,2,"element=2;role=temporal_neighbour;face=439964:0|439965:0|439966:0|440002:0;edge=1732,2156,2143,12,1,0,2,2","element=2;role=temporal_neighbour;face=439964:0|439965:0|439966:0|440002:0"
cache=0:2:2107500;source=0:1927392;face=0:0,0,2,2107500,0,1927392,1,1816,2108,2110,12,1,0,2,17978:0,78746:0,78767:0,17980:0,17978:4,78746:4,78767:4,17980:4,0,temporal_neighbour,0,17978:0,78746:0,17980:0,78767:0,2,3,2,3,-2,-5,5,2,1,2,1,2,"element=1;role=temporal_neighbour;face=17978:0|78746:0|17980:0|78767:0;edge=1816,2108,2110,12,1,0,2,1","element=1;role=temporal_neighbour;face=17978:0|78746:0|17980:0|78767:0"
cache=0:2:2602115;source=0:2460881;face=0:0,0,2,2602115,0,2460881,1,3956,4080,4140,13,1,0,1,32435:0,32441:0,8121:0,32461:0,32435:4,32441:4,8121:4,32461:4,0,temporal_neighbour,0,8121:0,32435:0,32441:0,32461:0,2,3,2,3,-2,-5,5,2,1,2,1,2,"element=1;role=temporal_neighbour;face=8121:0|32435:0|32441:0|32461:0;edge=3956,4080,4140,13,1,0,1,1","element=1;role=temporal_neighbour;face=8121:0|32435:0|32441:0|32461:0"
cache=0:2:2685415;source=0:2561670;face=0:0,0,2,2685415,0,2561670,4,3996,4172,4133,13,1,0,2,1211918:0,1100858:0,1211927:0,1211995:0,1211918:4,1100858:4,1211927:4,1211995:4,0,temporal_neighbour,0,1100858:0,1211918:0,1211927:0,1211995:0,2,3,2,3,-2,-5,5,2,1,2,1,2,"element=4;role=temporal_neighbour;face=1100858:0|1211918:0|1211927:0|1211995:0;edge=3996,4172,4133,13,1,0,2,4","element=4;role=temporal_neighbour;face=1100858:0|1211918:0|1211927:0|1211995:0"
cache=0:2:2716353;source=0:2607449;face=0:0,0,2,2716353,0,2607449,2,4017,4164,4136,13,1,0,0,383811:0,652241:0,653115:0,653191:0,383811:4,652241:4,653115:4,653191:4,0,temporal_neighbour,0,383811:0,652241:0,653191:0,653115:0,2,3,2,3,-2,-5,5,2,1,2,1,2,"element=2;role=temporal_neighbour;face=383811:0|652241:0|653191:0|653115:0;edge=4017,4164,4136,13,1,0,0,2","element=2;role=temporal_neighbour;face=383811:0|652241:0|653191:0|653115:0"
cache=0:2:2735394;source=0:2645736;face=0:0,0,2,2735394,0,2645736,1,4032,4216,4123,13,1,0,2,151561:0,18402:0,18509:0,159890:0,151561:4,18402:4,18509:4,159890:4,0,temporal_neighbour,0,18402:0,151561:0,18509:0,159890:0,2,3,2,3,-2,-5,5,2,1,2,1,2,"element=1;role=temporal_neighbour;face=18402:0|151561:0|18509:0|159890:0;edge=4032,4216,4123,13,1,0,2,1","element=1;role=temporal_neighbour;face=18402:0|151561:0|18509:0|159890:0"
cache=0:2:2754331;source=0:2683271;face=0:0,0,2,2754331,0,2683271,2,4048,4232,4128,13,1,0,2,731171:0,384086:0,384089:0,731687:0,731171:4,384086:4,384089:4,731687:4,0,temporal_neighbour,0,384086:0,731171:0,384089:0,731687:0,2,3,2,3,-2,-5,5,2,1,2,1,2,"element=2;role=temporal_neighbour;face=384086:0|731171:0|384089:0|731687:0;edge=4048,4232,4128,13,1,0,2,2","element=2;role=temporal_neighbour;face=384086:0|731171:0|384089:0|731687:0"
cache=0:2:2781092;source=0:2769295;face=0:0,0,2,2781092,0,2769295,2,470,634,531,10,1,0,2,384607:0,977407:0,977401:0,384608:0,384607:4,977407:4,977401:4,384608:4,0,temporal_neighbour,0,384607:0,977401:0,384608:0,977407:0,2,3,2,3,-2,-5,5,2,1,2,1,2,"element=2;role=temporal_neighbour;face=384607:0|977401:0|384608:0|977407:0;edge=470,634,531,10,1,0,2,2","element=2;role=temporal_neighbour;face=384607:0|977401:0|384608:0|977407:0"
cache=0:2:2781446;source=0:2771582;face=0:0,0,2,2781446,0,2771582,1,714,1162,1108,11,1,0,2,37389:0,37403:0,37390:0,37391:0,37389:4,37403:4,37390:4,37391:4,0,temporal_neighbour,0,37389:0,37390:0,37391:0,37403:0,2,3,2,3,-2,-5,5,2,1,2,1,2,"element=1;role=temporal_neighbour;face=37389:0|37390:0|37391:0|37403:0;edge=714,1162,1108,11,1,0,2,1","element=1;role=temporal_neighbour;face=37389:0|37390:0|37391:0|37403:0"
cache=0:2:2781447;source=0:2771583;face=0:0,0,2,2781447,0,2771583,2,714,1162,1108,11,1,0,2,415792:0,415812:0,415793:0,415794:0,415792:4,415812:4,415793:4,415794:4,0,temporal_neighbour,0,415792:0,415793:0,415794:0,415812:0,2,3,2,3,-2,-5,5,2,1,2,1,2,"element=2;role=temporal_neighbour;face=415792:0|415793:0|415794:0|415812:0;edge=714,1162,1108,11,1,0,2,2","element=2;role=temporal_neighbour;face=415792:0|415793:0|415794:0|415812:0"
cache=0:2:2781542;source=0:2771824;face=0:0,0,2,2781542,0,2771824,1,724,1156,1112,11,1,0,2,17683:0,37778:0,37771:0,37797:0,17683:4,37778:4,37771:4,37797:4,0,temporal_neighbour,0,17683:0,37771:0,37797:0,37778:0,2,3,2,3,-2,-5,5,2,1,2,1,2,"element=1;role=temporal_neighbour;face=17683:0|37771:0|37797:0|37778:0;edge=724,1156,1112,11,1,0,2,1","element=1;role=temporal_neighbour;face=17683:0|37771:0|37797:0|37778:0"
cache=0:2:2781543;source=0:2771825;face=0:0,0,2,2781543,0,2771825,2,724,1156,1112,11,1,0,2,383182:0,416294:0,416278:0,416323:0,383182:4,416294:4,416278:4,416323:4,0,temporal_neighbour,0,383182:0,416278:0,416323:0,416294:0,2,3,2,3,-2,-5,5,2,1,2,1,2,"element=2;role=temporal_neighbour;face=383182:0|416278:0|416323:0|416294:0;edge=724,1156,1112,11,1,0,2,2","element=2;role=temporal_neighbour;face=383182:0|416278:0|416323:0|416294:0"
cache=0:2:2781604;source=0:2771920;face=0:0,0,2,2781604,0,2771920,1,732,1152,1108,11,1,0,2,17404:0,37514:0,35186:0,37523:0,17404:4,37514:4,35186:4,37523:4,0,temporal_neighbour,0,17404:0,35186:0,37523:0,37514:0,2,3,2,3,-2,-5,5,2,1,2,1,2,"element=1;role=temporal_neighbour;face=17404:0|35186:0|37523:0|37514:0;edge=732,1152,1108,11,1,0,2,1","element=1;role=temporal_neighbour;face=17404:0|35186:0|37523:0|37514:0"
cache=0:2:2781605;source=0:2771921;face=0:0,0,2,2781605,0,2771921,2,732,1152,1108,11,1,0,2,382907:0,415961:0,412028:0,415978:0,382907:4,415961:4,412028:4,415978:4,0,temporal_neighbour,0,382907:0,412028:0,415978:0,415961:0,2,3,2,3,-2,-5,5,2,1,2,1,2,"element=2;role=temporal_neighbour;face=382907:0|412028:0|415978:0|415961:0;edge=732,1152,1108,11,1,0,2,2","element=2;role=temporal_neighbour;face=382907:0|412028:0|415978:0|415961:0"
cache=0:2:2781759;source=0:2772160;face=0:0,0,2,2781759,0,2772160,1,750,1142,1096,11,1,0,2,35234:0,35247:0,35235:0,35236:0,35234:4,35247:4,35235:4,35236:4,0,temporal_neighbour,0,35234:0,35235:0,35236:0,35247:0,2,3,2,3,-2,-5,5,2,1,2,1,2,"element=1;role=temporal_neighbour;face=35234:0|35235:0|35236:0|35247:0;edge=750,1142,1096,11,1,0,2,1","element=1;role=temporal_neighbour;face=35234:0|35235:0|35236:0|35247:0"
cache=0:2:2781760;source=0:2772161;face=0:0,0,2,2781760,0,2772161,2,750,1142,1096,11,1,0,2,412087:0,412109:0,412089:0,412090:0,412087:4,412109:4,412089:4,412090:4,0,temporal_neighbour,0,412087:0,412089:0,412090:0,412109:0,2,3,2,3,-2,-5,5,2,1,2,1,2,"element=2;role=temporal_neighbour;face=412087:0|412089:0|412090:0|412109:0;edge=750,1142,1096,11,1,0,2,2","element=2;role=temporal_neighbour;face=412087:0|412089:0|412090:0|412109:0"
cache=0:2:2781831;source=0:2772309;face=0:0,0,2,2781831,0,2772309,1,758,1138,1091,11,1,0,2,35422:0,35439:0,35423:0,35427:0,35422:4,35439:4,35423:4,35427:4,0,temporal_neighbour,0,35422:0,35423:0,35427:0,35439:0,2,3,2,3,-2,-5,5,2,1,2,1,2,"element=1;role=temporal_neighbour;face=35422:0|35423:0|35427:0|35439:0;edge=758,1138,1091,11,1,0,2,1","element=1;role=temporal_neighbour;face=35422:0|35423:0|35427:0|35439:0"
cache=0:2:2781832;source=0:2772310;face=0:0,0,2,2781832,0,2772310,2,758,1138,1091,11,1,0,2,412333:0,412348:0,412334:0,412336:0,412333:4,412348:4,412334:4,412336:4,0,temporal_neighbour,0,412333:0,412334:0,412336:0,412348:0,2,3,2,3,-2,-5,5,2,1,2,1,2,"element=2;role=temporal_neighbour;face=412333:0|412334:0|412336:0|412348:0;edge=758,1138,1091,11,1,0,2,2","element=2;role=temporal_neighbour;face=412333:0|412334:0|412336:0|412348:0"
cache=0:2:2781834;source=0:2772312;face=0:0,0,2,2781834,0,2772312,4,758,1138,1091,11,1,0,2,1115429:0,1115430:0,1115438:0,1115431:0,1115429:4,1115430:4,1115438:4,1115431:4,0,temporal_neighbour,0,1115429:0,1115430:0,1115431:0,1115438:0,2,3,2,3,-2,-5,5,2,1,2,1,2,"element=4;role=temporal_neighbour;face=1115429:0|1115430:0|1115431:0|1115438:0;edge=758,1138,1091,11,1,0,2,4","element=4;role=temporal_neighbour;face=1115429:0|1115430:0|1115431:0|1115438:0"
cache=0:2:2781835;source=0:2772313;face=0:0,0,2,2781835,0,2772313,4,758,1138,1092,11,1,0,2,1115459:0,1115470:0,1115460:0,1115461:0,1115459:4,1115470:4,1115460:4,1115461:4,0,temporal_neighbour,0,1115459:0,1115460:0,1115461:0,1115470:0,2,3,2,3,-2,-5,5,2,1,2,1,2,"element=4;role=temporal_neighbour;face=1115459:0|1115460:0|1115461:0|1115470:0;edge=758,1138,1092,11,1,0,2,4","element=4;role=temporal_neighbour;face=1115459:0|1115460:0|1115461:0|1115470:0"
cache=0:2:2781849;source=0:2772330;face=0:0,0,2,2781849,0,2772330,1,760,1136,1090,11,1,0,2,35193:0,35423:0,35198:0,35545:0,35193:4,35423:4,35198:4,35545:4,0,temporal_neighbour,0,35193:0,35198:0,35545:0,35423:0,2,3,2,3,-2,-5,5,2,1,2,1,2,"element=1;role=temporal_neighbour;face=35193:0|35198:0|35545:0|35423:0;edge=760,1136,1090,11,1,0,2,1","element=1;role=temporal_neighbour;face=35193:0|35198:0|35545:0|35423:0"
cache=0:2:2781851;source=0:2772332;face=0:0,0,2,2781851,0,2772332,2,760,1136,1091,11,1,0,2,412044:0,412334:0,412050:0,412499:0,412044:4,412334:4,412050:4,412499:4,0,temporal_neighbour,0,412044:0,412050:0,412499:0,412334:0,2,3,2,3,-2,-5,5,2,1,2,1,2,"element=2;role=temporal_neighbour;face=412044:0|412050:0|412499:0|412334:0;edge=760,1136,1091,11,1,0,2,2","element=2;role=temporal_neighbour;face=412044:0|412050:0|412499:0|412334:0"
cache=0:2:2781920;source=0:2772462;face=0:0,0,2,2781920,0,2772462,4,768,1132,1080,11,1,0,2,1100081:0,1127203:0,1115279:0,1127256:0,1100081:4,1127203:4,1115279:4,1127256:4,0,temporal_neighbour,0,1100081:0,1115279:0,1127256:0,1127203:0,2,3,2,3,-2,-5,5,2,1,2,1,2,"element=4;role=temporal_neighbour;face=1100081:0|1115279:0|1127256:0|1127203:0;edge=768,1132,1080,11,1,0,2,4","element=4;role=temporal_neighbour;face=1100081:0|1115279:0|1127256:0|1127203:0"
cache=0:2:2781921;source=0:2772463;face=0:0,0,2,2781921,0,2772463,1,768,1132,1081,11,1,0,2,17358:0,34941:0,56900:0,56949:0,17358:4,34941:4,56900:4,56949:4,0,temporal_neighbour,0,17358:0,34941:0,56949:0,56900:0,2,3,2,3,-2,-5,5,2,1,2,1,2,"element=1;role=temporal_neighbour;face=17358:0|34941:0|56949:0|56900:0;edge=768,1132,1081,11,1,0,2,1","element=1;role=temporal_neighbour;face=17358:0|34941:0|56949:0|56900:0"
cache=0:2:2781922;source=0:2772464;face=0:0,0,2,2781922,0,2772464,4,768,1132,1081,11,1,0,2,1100081:0,1115280:0,1127203:0,1127260:0,1100081:4,1115280:4,1127203:4,1127260:4,0,temporal_neighbour,0,1100081:0,1115280:0,1127260:0,1127203:0,2,3,2,3,-2,-5,5,2,1,2,1,2,"element=4;role=temporal_neighbour;face=1100081:0|1115280:0|1127260:0|1127203:0;edge=768,1132,1081,11,1,0,2,4","element=4;role=temporal_neighbour;face=1100081:0|1115280:0|1127260:0|1127203:0"
cache=0:2:2781927;source=0:2772469;face=0:0,0,2,2781927,0,2772469,2,768,1132,1082,11,1,0,2,382858:0,411765:0,447696:0,447801:0,382858:4,411765:4,447696:4,447801:4,0,temporal_neighbour,0,382858:0,411765:0,447801:0,447696:0,2,3,2,3,-2,-5,5,2,1,2,1,2,"element=2;role=temporal_neighbour;face=382858:0|411765:0|447801:0|447696:0;edge=768,1132,1082,11,1,0,2,2","element=2;role=temporal_neighbour;face=382858:0|411765:0|447801:0|447696:0"
cache=0:2:2782002;source=0:2772589;face=0:0,0,2,2782002,0,2772589,4,776,1128,1081,11,1,0,2,1100203:0,1127137:0,1127249:0,1127311:0,1100203:4,1127137:4,1127249:4,1127311:4,0,temporal_neighbour,0,1100203:0,1127137:0,1127311:0,1127249:0,2,3,2,3,-2,-5,5,2,1,2,1,2,"element=4;role=temporal_neighbour;face=1100203:0|1127137:0|1127311:0|1127249:0;edge=776,1128,1081,11,1,0,2,4","element=4;role=temporal_neighbour;face=1100203:0|1127137:0|1127311:0|1127249:0"
cache=0:2:2782003;source=0:2772590;face=0:0,0,2,2782003,0,2772590,1,776,1128,1082,11,1,0,2,17895:0,56944:0,56855:0,56997:0,17895:4,56944:4,56855:4,56997:4,0,temporal_neighbour,0,17895:0,56855:0,56997:0,56944:0,2,3,2,3,-2,-5,5,2,1,2,1,2,"element=1;role=temporal_neighbour;face=17895:0|56855:0|56997:0|56944:0;edge=776,1128,1082,11,1,0,2,1","element=1;role=temporal_neighbour;face=17895:0|56855:0|56997:0|56944:0"
cache=0:2:2782004;source=0:2772591;face=0:0,0,2,2782004,0,2772591,2,776,1128,1082,11,1,0,2,383376:0,447767:0,447621:0,447847:0,383376:4,447767:4,447621:4,447847:4,0,temporal_neighbour,0,383376:0,447621:0,447847:0,447767:0,2,3,2,3,-2,-5,5,2,1,2,1,2,"element=2;role=temporal_neighbour;face=383376:0|447621:0|447847:0|447767:0;edge=776,1128,1082,11,1,0,2,2","element=2;role=temporal_neighbour;face=383376:0|447621:0|447847:0|447767:0"
cache=0:2:2782005;source=0:2772592;face=0:0,0,2,2782005,0,2772592,4,776,1128,1082,11,1,0,2,1100203:0,1127254:0,1127138:0,1127319:0,1100203:4,1127254:4,1127138:4,1127319:4,0,temporal_neighbour,0,1100203:0,1127138:0,1127319:0,1127254:0,2,3,2,3,-2,-5,5,2,1,2,1,2,"element=4;role=temporal_neighbour;face=1100203:0|1127138:0|1127319:0|1127254:0;edge=776,1128,1082,11,1,0,2,4","element=4;role=temporal_neighbour;face=1100203:0|1127138:0|1127319:0|1127254:0"
cache=0:2:2782100;source=0:2772747;face=0:0,0,2,2782100,0,2772747,1,786,1122,1085,11,1,0,2,57082:0,57084:0,57083:0,57085:0,57082:4,57084:4,57083:4,57085:4,0,temporal_neighbour,0,57082:0,57083:0,57085:0,57084:0,2,3,2,3,-2,-5,5,2,1,2,1,2,"element=1;role=temporal_neighbour;face=57082:0|57083:0|57085:0|57084:0;edge=786,1122,1085,11,1,0,2,1","element=1;role=temporal_neighbour;face=57082:0|57083:0|57085:0|57084:0"
cache=0:2:2782101;source=0:2772748;face=0:0,0,2,2782101,0,2772748,2,786,1122,1085,11,1,0,2,447996:0,447999:0,447998:0,448000:0,447996:4,447999:4,447998:4,448000:4,0,temporal_neighbour,0,447996:0,447998:0,448000:0,447999:0,2,3,2,3,-2,-5,5,2,1,2,1,2,"element=2;role=temporal_neighbour;face=447996:0|447998:0|448000:0|447999:0;edge=786,1122,1085,11,1,0,2,2","element=2;role=temporal_neighbour;face=447996:0|447998:0|448000:0|447999:0"
cache=0:2:2782160;source=0:2772856;face=0:0,0,2,2782160,0,2772856,1,794,1118,1085,11,1,0,2,55844:0,55863:0,55845:0,55850:0,55844:4,55863:4,55845:4,55850:4,0,temporal_neighbour,0,55844:0,55845:0,55850:0,55863:0,2,3,2,3,-2,-5,5,2,1,2,1,2,"element=1;role=temporal_neighbour;face=55844:0|55845:0|55850:0|55863:0;edge=794,1118,1085,11,1,0,2,1","element=1;role=temporal_neighbour;face=55844:0|55845:0|55850:0|55863:0"
cache=0:2:2782164;source=0:2772860;face=0:0,0,2,2782164,0,2772860,2,794,1118,1086,11,1,0,2,446126:0,446163:0,446136:0,446137:0,446126:4,446163:4,446136:4,446137:4,0,temporal_neighbour,0,446126:0,446136:0,446137:0,446163:0,2,3,2,3,-2,-5,5,2,1,2,1,2,"element=2;role=temporal_neighbour;face=446126:0|446136:0|446137:0|446163:0;edge=794,1118,1086,11,1,0,2,2","element=2;role=temporal_neighbour;face=446126:0|446136:0|446137:0|446163:0"
cache=0:2:2782255;source=0:2773008;face=0:0,0,2,2782255,0,2773008,1,804,1112,1079,11,1,0,2,17888:0,56144:0,56011:0,56153:0,17888:4,56144:4,56011:4,56153:4,0,temporal_neighbour,0,17888:0,56011:0,56153:0,56144:0,2,3,2,3,-2,-5,5,2,1,2,1,2,"element=1;role=temporal_neighbour;face=17888:0|56011:0|56153:0|56144:0;edge=804,1112,1079,11,1,0,2,1","element=1;role=temporal_neighbour;face=17888:0|56011:0|56153:0|56144:0"
cache=0:2:2782256;source=0:2773009;face=0:0,0,2,2782256,0,2773009,2,804,1112,1080,11,1,0,2,383372:0,446634:0,446620:0,446670:0,383372:4,446634:4,446620:4,446670:4,0,temporal_neighbour,0,383372:0,446620:0,446670:0,446634:0,2,3,2,3,-2,-5,5,2,1,2,1,2,"element=2;role=temporal_neighbour;face=383372:0|446620:0|446670:0|446634:0;edge=804,1112,1080,11,1,0,2,2","element=2;role=temporal_neighbour;face=383372:0|446620:0|446670:0|446634:0"
cache=0:2:2782312;source=0:2773131;face=0:0,0,2,2782312,0,2773131,1,812,1108,1075,11,1,0,2,17889:0,56070:0,56041:0,56071:0,17889:4,56070:4,56041:4,56071:4,0,temporal_neighbour,0,17889:0,56041:0,56071:0,56070:0,2,3,2,3,-2,-5,5,2,1,2,1,2,"element=1;role=temporal_neighbour;face=17889:0|56041:0|56071:0|56070:0;edge=812,1108,1075,11,1,0,2,1","element=1;role=temporal_neighbour;face=17889:0|56041:0|56071:0|56070:0"
cache=0:2:2782313;source=0:2773132;face=0:0,0,2,2782313,0,2773132,2,812,1108,1075,11,1,0,2,383370:0,446480:0,446453:0,446481:0,383370:4,446480:4,446453:4,446481:4,0,temporal_neighbour,0,383370:0,446453:0,446481:0,446480:0,2,3,2,3,-2,-5,5,2,1,2,1,2,"element=2;role=temporal_neighbour;face=383370:0|446453:0|446481:0|446480:0;edge=812,1108,1075,11,1,0,2,2","element=2;role=temporal_neighbour;face=383370:0|446453:0|446481:0|446480:0"
cache=0:2:2782388;source=0:2773300;face=0:0,0,2,2782388,0,2773300,1,822,1102,1072,11,1,0,2,55930:0,55932:0,55931:0,55933:0,55930:4,55932:4,55931:4,55933:4,0,temporal_neighbour,0,55930:0,55931:0,55933:0,55932:0,2,3,2,3,-2,-5,5,2,1,2,1,2,"element=1;role=temporal_neighbour;face=55930:0|55931:0|55933:0|55932:0;edge=822,1102,1072,11,1,0,2,1","element=1;role=temporal_neighbour;face=55930:0|55931:0|55933:0|55932:0"
cache=0:2:2782389;source=0:2773301;face=0:0,0,2,2782389,0,2773301,2,822,1102,1073,11,1,0,2,446257:0,446259:0,446258:0,446262:0,446257:4,446259:4,446258:4,446262:4,0,temporal_neighbour,0,446257:0,446258:0,446262:0,446259:0,2,3,2,3,-2,-5,5,2,1,2,1,2,"element=2;role=temporal_neighbour;face=446257:0|446258:0|446262:0|446259:0;edge=822,1102,1073,11,1,0,2,2","element=2;role=temporal_neighbour;face=446257:0|446258:0|446262:0|446259:0"
cache=0:2:2782445;source=0:2773397;face=0:0,0,2,2782445,0,2773397,1,830,1098,1071,11,1,0,2,55900:0,55914:0,55901:0,55902:0,55900:4,55914:4,55901:4,55902:4,0,temporal_neighbour,0,55900:0,55901:0,55902:0,55914:0,2,3,2,3,-2,-5,5,2,1,2,1,2,"element=1;role=temporal_neighbour;face=55900:0|55901:0|55902:0|55914:0;edge=830,1098,1071,11,1,0,2,1","element=1;role=temporal_neighbour;face=55900:0|55901:0|55902:0|55914:0"
cache=0:2:2782446;source=0:2773398;face=0:0,0,2,2782446,0,2773398,2,830,1098,1072,11,1,0,2,446303:0,446327:0,446304:0,446305:0,446303:4,446327:4,446304:4,446305:4,0,temporal_neighbour,0,446303:0,446304:0,446305:0,446327:0,2,3,2,3,-2,-5,5,2,1,2,1,2,"element=2;role=temporal_neighbour;face=446303:0|446304:0|446305:0|446327:0;edge=830,1098,1072,11,1,0,2,2","element=2;role=temporal_neighbour;face=446303:0|446304:0|446305:0|446327:0"
cache=0:2:2782522;source=0:2773553;face=0:0,0,2,2782522,0,2773553,1,840,1092,1073,11,1,0,2,61505:0,61516:0,61549:0,61617:0,61505:4,61516:4,61549:4,61617:4,0,temporal_neighbour,0,61505:0,61516:0,61617:0,61549:0,2,3,2,3,-2,-5,5,2,1,2,1,2,"element=1;role=temporal_neighbour;face=61505:0|61516:0|61617:0|61549:0;edge=840,1092,1073,11,1,0,2,1","element=1;role=temporal_neighbour;face=61505:0|61516:0|61617:0|61549:0"
cache=0:2:2782523;source=0:2773554;face=0:0,0,2,2782523,0,2773554,2,840,1092,1073,11,1,0,2,454299:0,454326:0,454379:0,454523:0,454299:4,454326:4,454379:4,454523:4,0,temporal_neighbour,0,454299:0,454326:0,454523:0,454379:0,2,3,2,3,-2,-5,5,2,1,2,1,2,"element=2;role=temporal_neighbour;face=454299:0|454326:0|454523:0|454379:0;edge=840,1092,1073,11,1,0,2,2","element=2;role=temporal_neighbour;face=454299:0|454326:0|454523:0|454379:0"
cache=0:2:2783003;source=0:2775736;face=0:0,0,2,2783003,0,2775736,1,908,1054,1055,11,1,0,2,17978:0,78746:0,78767:0,17980:0,17978:4,78746:4,78767:4,17980:4,0,temporal_neighbour,0,17978:0,78746:0,17980:0,78767:0,2,3,2,3,-2,-5,5,2,1,2,1,2,"element=1;role=temporal_neighbour;face=17978:0|78746:0|17980:0|78767:0;edge=908,1054,1055,11,1,0,2,1","element=1;role=temporal_neighbour;face=17978:0|78746:0|17980:0|78767:0"
cache=0:2:2783404;source=0:2777695;face=0:0,0,2,2783404,0,2777695,2,940,1268,1063,11,1,0,2,384607:0,977407:0,977401:0,384608:0,384607:4,977407:4,977401:4,384608:4,0,temporal_neighbour,0,384607:0,977401:0,384608:0,977407:0,2,3,2,3,-2,-5,5,2,1,2,1,2,"element=2;role=temporal_neighbour;face=384607:0|977401:0|384608:0|977407:0;edge=940,1268,1063,11,1,0,2,2","element=2;role=temporal_neighbour;face=384607:0|977401:0|384608:0|977407:0"
cache=0:2:2784079;source=0:2783033;face=0:0,0,2,2784079,0,2783033,1,1732,2156,2143,12,1,0,2,52945:0,53006:0,52946:0,52947:0,52945:4,53006:4,52946:4,52947:4,0,temporal_neighbour,0,52945:0,52946:0,52947:0,53006:0,2,3,2,3,-2,-5,5,2,1,2,1,2,"element=1;role=temporal_neighbour;face=52945:0|52946:0|52947:0|53006:0;edge=1732,2156,2143,12,1,0,2,1","element=1;role=temporal_neighbour;face=52945:0|52946:0|52947:0|53006:0"
cache=0:2:2784080;source=0:2783034;face=0:0,0,2,2784080,0,2783034,2,1732,2156,2143,12,1,0,2,439964:0,440002:0,439965:0,439966:0,439964:4,440002:4,439965:4,439966:4,0,temporal_neighbour,0,439964:0,439965:0,439966:0,440002:0,2,3,2,3,-2,-5,5,2,1,2,1,2,"element=2;role=temporal_neighbour;face=439964:0|439965:0|439966:0|440002:0;edge=1732,2156,2143,12,1,0,2,2","element=2;role=temporal_neighbour;face=439964:0|439965:0|439966:0|440002:0"
cache=0:2:2784962;source=0:2786355;face=0:0,0,2,2784962,0,2786355,1,1816,2108,2110,12,1,0,2,17978:0,78746:0,78767:0,17980:0,17978:4,78746:4,78767:4,17980:4,0,temporal_neighbour,0,17978:0,78746:0,17980:0,78767:0,2,3,2,3,-2,-5,5,2,1,2,1,2,"element=1;role=temporal_neighbour;face=17978:0|78746:0|17980:0|78767:0;edge=1816,2108,2110,12,1,0,2,1","element=1;role=temporal_neighbour;face=17978:0|78746:0|17980:0|78767:0"
cache=0:2:2788770;source=0:2812118;face=0:0,0,2,2788770,0,2812118,1,3956,4080,4140,13,1,0,1,32435:0,32441:0,8121:0,32461:0,32435:4,32441:4,8121:4,32461:4,0,temporal_neighbour,0,8121:0,32435:0,32441:0,32461:0,2,3,2,3,-2,-5,5,2,1,2,1,2,"element=1;role=temporal_neighbour;face=8121:0|32435:0|32441:0|32461:0;edge=3956,4080,4140,13,1,0,1,1","element=1;role=temporal_neighbour;face=8121:0|32435:0|32441:0|32461:0"
cache=0:2:2790246;source=0:2824152;face=0:0,0,2,2790246,0,2824152,4,3996,4172,4133,13,1,0,2,1211918:0,1100858:0,1211927:0,1211995:0,1211918:4,1100858:4,1211927:4,1211995:4,0,temporal_neighbour,0,1100858:0,1211918:0,1211927:0,1211995:0,2,3,2,3,-2,-5,5,2,1,2,1,2,"element=4;role=temporal_neighbour;face=1100858:0|1211918:0|1211927:0|1211995:0;edge=3996,4172,4133,13,1,0,2,4","element=4;role=temporal_neighbour;face=1100858:0|1211918:0|1211927:0|1211995:0"
cache=0:2:2792358;source=0:2833798;face=0:0,0,2,2792358,0,2833798,2,4017,4164,4136,13,1,0,0,383811:0,652241:0,653115:0,653191:0,383811:4,652241:4,653115:4,653191:4,0,temporal_neighbour,0,383811:0,652241:0,653191:0,653115:0,2,3,2,3,-2,-5,5,2,1,2,1,2,"element=2;role=temporal_neighbour;face=383811:0|652241:0|653191:0|653115:0;edge=4017,4164,4136,13,1,0,0,2","element=2;role=temporal_neighbour;face=383811:0|652241:0|653191:0|653115:0"
cache=0:2:2794132;source=0:2845708;face=0:0,0,2,2794132,0,2845708,1,4032,4216,4123,13,1,0,2,151561:0,18402:0,18509:0,159890:0,151561:4,18402:4,18509:4,159890:4,0,temporal_neighbour,0,18402:0,151561:0,18509:0,159890:0,2,3,2,3,-2,-5,5,2,1,2,1,2,"element=1;role=temporal_neighbour;face=18402:0|151561:0|18509:0|159890:0;edge=4032,4216,4123,13,1,0,2,1","element=1;role=temporal_neighbour;face=18402:0|151561:0|18509:0|159890:0"
cache=0:2:2795651;source=0:2858531;face=0:0,0,2,2795651,0,2858531,2,4048,4232,4128,13,1,0,2,731171:0,384086:0,384089:0,731687:0,731171:4,384086:4,384089:4,731687:4,0,temporal_neighbour,0,384086:0,731171:0,384089:0,731687:0,2,3,2,3,-2,-5,5,2,1,2,1,2,"element=2;role=temporal_neighbour;face=384086:0|731171:0|384089:0|731687:0;edge=4048,4232,4128,13,1,0,2,2","element=2;role=temporal_neighbour;face=384086:0|731171:0|384089:0|731687:0"
cache=0:2:2798739;source=0:2887655;face=0:0,0,2,2798739,0,2887655,1,44,116,68,7,1,0,2,23165:0,6301:1,6299:1,23124:0,23165:4,6301:5,6299:5,23124:4,0,temporal_neighbour,0,6299:1,23124:0,6301:1,23165:0,3,2,3,2,2,5,5,2,1,2,1,2,"element=1;role=temporal_neighbour;face=6299:1|23124:0|6301:1|23165:0;edge=44,116,68,7,1,0,2,1","element=1;role=temporal_neighbour;face=6299:1|23124:0|6301:1|23165:0"
cache=0:2:2798740;source=0:2887656;face=0:0,0,2,2798740,0,2887656,2,44,116,68,7,1,0,2,388529:0,15292:1,15290:1,388488:0,388529:4,15292:5,15290:5,388488:4,0,temporal_neighbour,0,15290:1,388488:0,15292:1,388529:0,3,2,3,2,2,5,5,2,1,2,1,2,"element=2;role=temporal_neighbour;face=15290:1|388488:0|15292:1|388529:0;edge=44,116,68,7,1,0,2,2","element=2;role=temporal_neighbour;face=15290:1|388488:0|15292:1|388529:0"
cache=0:2:2800245;source=0:2890395;face=0:0,0,2,2800245,0,2890395,1,232,328,268,9,1,0,2,20487:0,7711:1,6255:1,20505:0,20487:4,7711:5,6255:5,20505:4,0,temporal_neighbour,0,6255:1,20487:0,7711:1,20505:0,3,2,3,2,2,5,5,2,1,2,1,2,"element=1;role=temporal_neighbour;face=6255:1|20487:0|7711:1|20505:0;edge=232,328,268,9,1,0,2,1","element=1;role=temporal_neighbour;face=6255:1|20487:0|7711:1|20505:0"
cache=0:2:2800246;source=0:2890396;face=0:0,0,2,2800246,0,2890396,2,232,328,268,9,1,0,2,385825:0,17422:1,15244:1,385847:0,385825:4,17422:5,15244:5,385847:4,0,temporal_neighbour,0,15244:1,385825:0,17422:1,385847:0,3,2,3,2,2,5,5,2,1,2,1,2,"element=2;role=temporal_neighbour;face=15244:1|385825:0|17422:1|385847:0;edge=232,328,268,9,1,0,2,2","element=2;role=temporal_neighbour;face=15244:1|385825:0|17422:1|385847:0"
cache=0:2:2800331;source=0:2890542;face=0:0,0,2,2800331,0,2890542,1,240,240,257,9,1,0,2,7417:0,1511:1,1316:1,7808:0,7417:4,1511:5,1316:5,7808:4,0,temporal_neighbour,0,1316:1,7417:0,1511:1,7808:0,3,2,3,2,2,5,5,2,1,2,1,2,"element=1;role=temporal_neighbour;face=1316:1|7417:0|1511:1|7808:0;edge=240,240,257,9,1,0,2,1","element=1;role=temporal_neighbour;face=1316:1|7417:0|1511:1|7808:0"
cache=0:2:2800332;source=0:2890543;face=0:0,0,2,2800332,0,2890543,2,240,240,257,9,1,0,2,371000:0,8670:1,8442:1,371420:0,371000:4,8670:5,8442:5,371420:4,0,temporal_neighbour,0,8442:1,371000:0,8670:1,371420:0,3,2,3,2,2,5,5,2,1,2,1,2,"element=2;role=temporal_neighbour;face=8442:1|371000:0|8670:1|371420:0;edge=240,240,257,9,1,0,2,2","element=2;role=temporal_neighbour;face=8442:1|371000:0|8670:1|371420:0"
cache=0:2:2800397;source=0:2890618;face=0:0,0,2,2800397,0,2890618,1,240,312,265,9,1,0,2,310020:0,6242:1,6248:1,19278:0,310020:4,6242:5,6248:5,19278:4,0,temporal_neighbour,0,6242:1,19278:0,6248:1,310020:0,3,2,3,2,2,5,5,2,1,2,1,2,"element=1;role=temporal_neighbour;face=6242:1|19278:0|6248:1|310020:0;edge=240,312,265,9,1,0,2,1","element=1;role=temporal_neighbour;face=6242:1|19278:0|6248:1|310020:0"
cache=0:2:2800398;source=0:2890619;face=0:0,0,2,2800398,0,2890619,2,240,312,265,9,1,0,2,973819:0,15231:1,15237:1,384633:0,973819:4,15231:5,15237:5,384633:4,0,temporal_neighbour,0,15231:1,384633:0,15237:1,973819:0,3,2,3,2,2,5,5,2,1,2,1,2,"element=2;role=temporal_neighbour;face=15231:1|384633:0|15237:1|973819:0;edge=240,312,265,9,1,0,2,2","element=2;role=temporal_neighbour;face=15231:1|384633:0|15237:1|973819:0"
cache=0:2:2800566;source=0:2890813;face=0:0,0,2,2800566,0,2890813,1,249,248,256,9,1,0,0,5238:0,1758:1,948:1,8126:0,5238:4,1758:5,948:5,8126:4,0,temporal_neighbour,0,948:1,5238:0,1758:1,8126:0,3,2,3,2,2,5,5,2,1,2,1,2,"element=1;role=temporal_neighbour;face=948:1|5238:0|1758:1|8126:0;edge=249,248,256,9,1,0,0,1","element=1;role=temporal_neighbour;face=948:1|5238:0|1758:1|8126:0"
cache=0:2:2800567;source=0:2890814;face=0:0,0,2,2800567,0,2890814,2,249,248,256,9,1,0,0,368836:0,8941:1,8088:1,371756:0,368836:4,8941:5,8088:5,371756:4,0,temporal_neighbour,0,8088:1,368836:0,8941:1,371756:0,3,2,3,2,2,5,5,2,1,2,1,2,"element=2;role=temporal_neighbour;face=8088:1|368836:0|8941:1|371756:0;edge=249,248,256,9,1,0,0,2","element=2;role=temporal_neighbour;face=8088:1|368836:0|8941:1|371756:0"
cache=0:2:2800759;source=0:2891019;face=0:0,0,2,2800759,0,2891019,3,256,262,256,9,1,0,2,18998:1,1062958:0,1063989:0,19071:1,18998:5,1062958:4,1063989:4,19071:5,0,temporal_neighbour,0,18998:1,1062958:0,19071:1,1063989:0,3,2,3,2,2,5,5,2,1,2,1,2,"element=3;role=temporal_neighbour;face=18998:1|1062958:0|19071:1|1063989:0;edge=256,262,256,9,1,0,2,3","element=3;role=temporal_neighbour;face=18998:1|1062958:0|19071:1|1063989:0"
cache=0:2:2801341;source=0:2892275;face=0:0,0,2,2801341,0,2892275,1,428,540,535,10,1,0,2,17835:0,51291:0,6129:1,51471:0,17835:4,51291:4,6129:5,51471:4,0,temporal_neighbour,0,6129:1,17835:0,51291:0,51471:0,3,2,3,2,2,5,5,2,1,2,1,2,"element=1;role=temporal_neighbour;face=6129:1|17835:0|51291:0|51471:0;edge=428,540,535,10,1,0,2,1","element=1;role=temporal_neighbour;face=6129:1|17835:0|51291:0|51471:0"
cache=0:2:2801342;source=0:2892276;face=0:0,0,2,2801342,0,2892276,2,428,540,535,10,1,0,2,383316:0,436843:0,15070:1,437105:0,383316:4,436843:4,15070:5,437105:4,0,temporal_neighbour,0,15070:1,383316:0,436843:0,437105:0,3,2,3,2,2,5,5,2,1,2,1,2,"element=2;role=temporal_neighbour;face=15070:1|383316:0|436843:0|437105:0;edge=428,540,535,10,1,0,2,2","element=2;role=temporal_neighbour;face=15070:1|383316:0|436843:0|437105:0"
cache=0:2:2801352;source=0:2892336;face=0:0,0,2,2801352,0,2892336,1,432,536,536,10,1,0,2,17833:0,6881:1,6141:1,55326:0,17833:4,6881:5,6141:5,55326:4,0,temporal_neighbour,0,6141:1,17833:0,6881:1,55326:0,3,2,3,2,2,5,5,2,1,2,1,2,"element=1;role=temporal_neighbour;face=6141:1|17833:0|6881:1|55326:0;edge=432,536,536,10,1,0,2,1","element=1;role=temporal_neighbour;face=6141:1|17833:0|6881:1|55326:0"
cache=0:2:2801353;source=0:2892337;face=0:0,0,2,2801353,0,2892337,2,432,536,536,10,1,0,2,383314:0,15931:1,15085:1,443630:0,383314:4,15931:5,15085:5,443630:4,0,temporal_neighbour,0,15085:1,383314:0,15931:1,443630:0,3,2,3,2,2,5,5,2,1,2,1,2,"element=2;role=temporal_neighbour;face=15085:1|383314:0|15931:1|443630:0;edge=432,536,536,10,1,0,2,2","element=2;role=temporal_neighbour;face=15085:1|383314:0|15931:1|443630:0"
cache=0:2:2801685;source=0:2893396;face=0:0,0,2,2801685,0,2893396,2,504,560,524,10,1,0,2,384361:0,15191:1,15189:1,384404:0,384361:4,15191:5,15189:5,384404:4,0,temporal_neighbour,0,15189:1,384361:0,15191:1,384404:0,3,2,3,2,2,5,5,2,1,2,1,2,"element=2;role=temporal_neighbour;face=15189:1|384361:0|15191:1|384404:0;edge=504,560,524,10,1,0,2,2","element=2;role=temporal_neighbour;face=15189:1|384361:0|15191:1|384404:0"
cache=0:2:2801686;source=0:2893397;face=0:0,0,2,2801686,0,2893397,4,504,560,524,10,1,0,2,1101466:0,21438:1,21437:1,1101525:0,1101466:4,21438:5,21437:5,1101525:4,0,temporal_neighbour,0,21437:1,1101466:0,21438:1,1101525:0,3,2,3,2,2,5,5,2,1,2,1,2,"element=4;role=temporal_neighbour;face=21437:1|1101466:0|21438:1|1101525:0;edge=504,560,524,10,1,0,2,4","element=4;role=temporal_neighbour;face=21437:1|1101466:0|21438:1|1101525:0"
cache=0:2:2802125;source=0:2894224;face=0:0,0,2,2802125,0,2894224,4,700,1168,1104,11,1,0,0,21405:1,1100120:0,1115547:0,1115666:0,21405:5,1100120:4,1115547:4,1115666:4,0,temporal_neighbour,0,21405:1,1100120:0,1115666:0,1115547:0,3,2,3,2,2,5,5,2,1,2,1,2,"element=4;role=temporal_neighbour;face=21405:1|1100120:0|1115666:0|1115547:0;edge=700,1168,1104,11,1,0,0,4","element=4;role=temporal_neighbour;face=21405:1|1100120:0|1115666:0|1115547:0"
cache=0:2:2802126;source=0:2894226;face=0:0,0,2,2802126,0,2894226,4,701,1168,1104,11,1,0,0,21405:1,1115547:0,1100120:0,1115666:0,21405:5,1115547:4,1100120:4,1115666:4,0,temporal_neighbour,0,21405:1,1100120:0,1115666:0,1115547:0,3,2,3,2,2,5,5,2,1,2,1,2,"element=4;role=temporal_neighbour;face=21405:1|1100120:0|1115666:0|1115547:0;edge=701,1168,1104,11,1,0,0,4","element=4;role=temporal_neighbour;face=21405:1|1100120:0|1115666:0|1115547:0"
cache=0:2:2802695;source=0:2900032;face=0:0,0,2,2802695,0,2900032,1,1024,1040,1027,11,1,0,2,146441:0,6175:1,6347:1,23372:0,146441:4,6175:5,6347:5,23372:4,0,temporal_neighbour,0,6175:1,23372:0,6347:1,146441:0,3,2,3,2,2,5,5,2,1,2,1,2,"element=1;role=temporal_neighbour;face=6175:1|23372:0|6347:1|146441:0;edge=1024,1040,1027,11,1,0,2,1","element=1;role=temporal_neighbour;face=6175:1|23372:0|6347:1|146441:0"
cache=0:2:2803182;source=0:2911871;face=0:0,0,2,2803182,0,2911871,0,2016,2048,2048,12,1,0,2,5093:0,767:1,437:1,3208:0,5093:4,767:5,437:5,3208:4,0,temporal_neighbour,0,437:1,3208:0,767:1,5093:0,3,2,3,2,2,5,5,2,1,2,1,2,"element=0;role=temporal_neighbour;face=437:1|3208:0|767:1|5093:0;edge=2016,2048,2048,12,1,0,2,0","element=0;role=temporal_neighbour;face=437:1|3208:0|767:1|5093:0"
cache=1:1:295;source=1:295;face=0:0,1,1,295,1,295,1,44,116,68,7,1,1,2,23165:0,23175:0,23166:0,23124:0,23165:0,6301:1,6299:1,23124:0,0,temporal_neighbour,0,23124:0,23166:0,23165:0,23175:0,2,1,2,1,2,3,3,2,1,2,1,2,"element=1;role=temporal_neighbour;face=23124:0|23166:0|23165:0|23175:0;edge=44,116,68,7,1,1,2,1","element=1;role=temporal_neighbour;face=23124:0|23166:0|23165:0|23175:0"
cache=1:1:295;source=1:295;face=0:1,1,1,295,1,295,1,44,116,68,7,1,1,2,23165:0,23175:0,23166:0,23124:0,23165:0,6301:1,6299:1,23124:0,0,temporal_neighbour,1,6299:1,23124:0,6301:1,23165:0,3,2,3,2,2,5,5,2,1,2,1,2,"element=1;role=temporal_neighbour;face=6299:1|23124:0|6301:1|23165:0;edge=44,116,68,7,1,1,2,1","element=1;role=temporal_neighbour;face=6299:1|23124:0|6301:1|23165:0"
cache=1:1:296;source=1:296;face=0:0,1,1,296,1,296,2,44,116,68,7,1,1,2,388529:0,388540:0,388530:0,388488:0,388529:0,15292:1,15290:1,388488:0,0,temporal_neighbour,0,388488:0,388530:0,388529:0,388540:0,2,1,2,1,2,3,3,2,1,2,1,2,"element=2;role=temporal_neighbour;face=388488:0|388530:0|388529:0|388540:0;edge=44,116,68,7,1,1,2,2","element=2;role=temporal_neighbour;face=388488:0|388530:0|388529:0|388540:0"
cache=1:1:296;source=1:296;face=0:1,1,1,296,1,296,2,44,116,68,7,1,1,2,388529:0,388540:0,388530:0,388488:0,388529:0,15292:1,15290:1,388488:0,0,temporal_neighbour,1,15290:1,388488:0,15292:1,388529:0,3,2,3,2,2,5,5,2,1,2,1,2,"element=2;role=temporal_neighbour;face=15290:1|388488:0|15292:1|388529:0;edge=44,116,68,7,1,1,2,2","element=2;role=temporal_neighbour;face=15290:1|388488:0|15292:1|388529:0"
cache=1:1:1543;source=1:1543;face=0:0,1,1,1543,1,1543,1,232,328,268,9,1,1,2,20487:0,353844:0,20491:0,20505:0,20487:0,7711:1,6255:1,20505:0,0,temporal_neighbour,0,20487:0,20491:0,20505:0,353844:0,2,1,2,1,2,3,3,2,1,2,1,2,"element=1;role=temporal_neighbour;face=20487:0|20491:0|20505:0|353844:0;edge=232,328,268,9,1,1,2,1","element=1;role=temporal_neighbour;face=20487:0|20491:0|20505:0|353844:0"
cache=1:1:1543;source=1:1543;face=0:1,1,1,1543,1,1543,1,232,328,268,9,1,1,2,20487:0,353844:0,20491:0,20505:0,20487:0,7711:1,6255:1,20505:0,0,temporal_neighbour,1,6255:1,20487:0,7711:1,20505:0,3,2,3,2,2,5,5,2,1,2,1,2,"element=1;role=temporal_neighbour;face=6255:1|20487:0|7711:1|20505:0;edge=232,328,268,9,1,1,2,1","element=1;role=temporal_neighbour;face=6255:1|20487:0|7711:1|20505:0"
cache=1:1:1544;source=1:1544;face=0:0,1,1,1544,1,1544,2,232,328,268,9,1,1,2,385825:0,1036214:0,385830:0,385847:0,385825:0,17422:1,15244:1,385847:0,0,temporal_neighbour,0,385825:0,385830:0,385847:0,1036214:0,2,1,2,1,2,3,3,2,1,2,1,2,"element=2;role=temporal_neighbour;face=385825:0|385830:0|385847:0|1036214:0;edge=232,328,268,9,1,1,2,2","element=2;role=temporal_neighbour;face=385825:0|385830:0|385847:0|1036214:0"
cache=1:1:1544;source=1:1544;face=0:1,1,1,1544,1,1544,2,232,328,268,9,1,1,2,385825:0,1036214:0,385830:0,385847:0,385825:0,17422:1,15244:1,385847:0,0,temporal_neighbour,1,15244:1,385825:0,17422:1,385847:0,3,2,3,2,2,5,5,2,1,2,1,2,"element=2;role=temporal_neighbour;face=15244:1|385825:0|17422:1|385847:0;edge=232,328,268,9,1,1,2,2","element=2;role=temporal_neighbour;face=15244:1|385825:0|17422:1|385847:0"
cache=1:1:1564;source=1:1564;face=0:0,1,1,1564,1,1564,1,240,240,257,9,1,1,2,7417:0,7738:0,7571:0,7808:0,7417:0,1511:1,1316:1,7808:0,0,temporal_neighbour,0,7417:0,7571:0,7808:0,7738:0,2,1,2,1,2,3,3,2,1,2,1,2,"element=1;role=temporal_neighbour;face=7417:0|7571:0|7808:0|7738:0;edge=240,240,257,9,1,1,2,1","element=1;role=temporal_neighbour;face=7417:0|7571:0|7808:0|7738:0"
cache=1:1:1564;source=1:1564;face=0:1,1,1,1564,1,1564,1,240,240,257,9,1,1,2,7417:0,7738:0,7571:0,7808:0,7417:0,1511:1,1316:1,7808:0,0,temporal_neighbour,1,1316:1,7417:0,1511:1,7808:0,3,2,3,2,2,5,5,2,1,2,1,2,"element=1;role=temporal_neighbour;face=1316:1|7417:0|1511:1|7808:0;edge=240,240,257,9,1,1,2,1","element=1;role=temporal_neighbour;face=1316:1|7417:0|1511:1|7808:0"
cache=1:1:1565;source=1:1565;face=0:0,1,1,1565,1,1565,2,240,240,257,9,1,1,2,371000:0,371348:0,371156:0,371420:0,371000:0,8670:1,8442:1,371420:0,0,temporal_neighbour,0,371000:0,371156:0,371420:0,371348:0,2,1,2,1,2,3,3,2,1,2,1,2,"element=2;role=temporal_neighbour;face=371000:0|371156:0|371420:0|371348:0;edge=240,240,257,9,1,1,2,2","element=2;role=temporal_neighbour;face=371000:0|371156:0|371420:0|371348:0"
cache=1:1:1565;source=1:1565;face=0:1,1,1,1565,1,1565,2,240,240,257,9,1,1,2,371000:0,371348:0,371156:0,371420:0,371000:0,8670:1,8442:1,371420:0,0,temporal_neighbour,1,8442:1,371000:0,8670:1,371420:0,3,2,3,2,2,5,5,2,1,2,1,2,"element=2;role=temporal_neighbour;face=8442:1|371000:0|8670:1|371420:0;edge=240,240,257,9,1,1,2,2","element=2;role=temporal_neighbour;face=8442:1|371000:0|8670:1|371420:0"
cache=1:1:2233;source=1:2233;face=0:0,1,1,2233,1,2233,1,249,248,256,9,1,1,0,5238:0,7984:0,5255:0,8126:0,5238:0,1758:1,948:1,8126:0,0,temporal_neighbour,0,5238:0,5255:0,8126:0,7984:0,2,1,2,1,2,3,3,2,1,2,1,2,"element=1;role=temporal_neighbour;face=5238:0|5255:0|8126:0|7984:0;edge=249,248,256,9,1,1,0,1","element=1;role=temporal_neighbour;face=5238:0|5255:0|8126:0|7984:0"
cache=1:1:2233;source=1:2233;face=0:1,1,1,2233,1,2233,1,249,248,256,9,1,1,0,5238:0,7984:0,5255:0,8126:0,5238:0,1758:1,948:1,8126:0,0,temporal_neighbour,1,948:1,5238:0,1758:1,8126:0,3,2,3,2,2,5,5,2,1,2,1,2,"element=1;role=temporal_neighbour;face=948:1|5238:0|1758:1|8126:0;edge=249,248,256,9,1,1,0,1","element=1;role=temporal_neighbour;face=948:1|5238:0|1758:1|8126:0"
cache=1:1:2234;source=1:2234;face=0:0,1,1,2234,1,2234,2,249,248,256,9,1,1,0,368836:0,371611:0,368849:0,371756:0,368836:0,8941:1,8088:1,371756:0,0,temporal_neighbour,0,368836:0,368849:0,371756:0,371611:0,2,1,2,1,2,3,3,2,1,2,1,2,"element=2;role=temporal_neighbour;face=368836:0|368849:0|371756:0|371611:0;edge=249,248,256,9,1,1,0,2","element=2;role=temporal_neighbour;face=368836:0|368849:0|371756:0|371611:0"
cache=1:1:2234;source=1:2234;face=0:1,1,1,2234,1,2234,2,249,248,256,9,1,1,0,368836:0,371611:0,368849:0,371756:0,368836:0,8941:1,8088:1,371756:0,0,temporal_neighbour,1,8088:1,368836:0,8941:1,371756:0,3,2,3,2,2,5,5,2,1,2,1,2,"element=2;role=temporal_neighbour;face=8088:1|368836:0|8941:1|371756:0;edge=249,248,256,9,1,1,0,2","element=2;role=temporal_neighbour;face=8088:1|368836:0|8941:1|371756:0"
cache=1:1:3021;source=1:3021;face=0:0,1,1,3021,1,3021,3,256,262,256,9,1,1,2,1062943:0,1062958:0,1063989:0,1064025:0,18998:1,1062958:0,1063989:0,19071:1,0,temporal_neighbour,0,1062943:0,1062958:0,1064025:0,1063989:0,1,2,1,2,-2,-3,3,2,1,2,1,2,"element=3;role=temporal_neighbour;face=1062943:0|1062958:0|1064025:0|1063989:0;edge=256,262,256,9,1,1,2,3","element=3;role=temporal_neighbour;face=1062943:0|1062958:0|1064025:0|1063989:0"
cache=1:1:3021;source=1:3021;face=0:1,1,1,3021,1,3021,3,256,262,256,9,1,1,2,1062943:0,1062958:0,1063989:0,1064025:0,18998:1,1062958:0,1063989:0,19071:1,0,temporal_neighbour,1,18998:1,1062958:0,19071:1,1063989:0,3,2,3,2,2,5,5,2,1,2,1,2,"element=3;role=temporal_neighbour;face=18998:1|1062958:0|19071:1|1063989:0;edge=256,262,256,9,1,1,2,3","element=3;role=temporal_neighbour;face=18998:1|1062958:0|19071:1|1063989:0"
cache=1:1:4517;source=1:4517;face=0:0,1,1,4517,1,4517,1,432,536,536,10,1,1,2,17833:0,51820:0,17859:0,55326:0,17833:0,6881:1,6141:1,55326:0,0,temporal_neighbour,0,17833:0,17859:0,55326:0,51820:0,2,1,2,1,2,3,3,2,1,2,1,2,"element=1;role=temporal_neighbour;face=17833:0|17859:0|55326:0|51820:0;edge=432,536,536,10,1,1,2,1","element=1;role=temporal_neighbour;face=17833:0|17859:0|55326:0|51820:0"
cache=1:1:4517;source=1:4517;face=0:1,1,1,4517,1,4517,1,432,536,536,10,1,1,2,17833:0,51820:0,17859:0,55326:0,17833:0,6881:1,6141:1,55326:0,0,temporal_neighbour,1,6141:1,17833:0,6881:1,55326:0,3,2,3,2,2,5,5,2,1,2,1,2,"element=1;role=temporal_neighbour;face=6141:1|17833:0|6881:1|55326:0;edge=432,536,536,10,1,1,2,1","element=1;role=temporal_neighbour;face=6141:1|17833:0|6881:1|55326:0"
cache=1:1:4518;source=1:4518;face=0:0,1,1,4518,1,4518,2,432,536,536,10,1,1,2,383314:0,437883:0,383341:0,443630:0,383314:0,15931:1,15085:1,443630:0,0,temporal_neighbour,0,383314:0,383341:0,443630:0,437883:0,2,1,2,1,2,3,3,2,1,2,1,2,"element=2;role=temporal_neighbour;face=383314:0|383341:0|443630:0|437883:0;edge=432,536,536,10,1,1,2,2","element=2;role=temporal_neighbour;face=383314:0|383341:0|443630:0|437883:0"
cache=1:1:4518;source=1:4518;face=0:1,1,1,4518,1,4518,2,432,536,536,10,1,1,2,383314:0,437883:0,383341:0,443630:0,383314:0,15931:1,15085:1,443630:0,0,temporal_neighbour,1,15085:1,383314:0,15931:1,443630:0,3,2,3,2,2,5,5,2,1,2,1,2,"element=2;role=temporal_neighbour;face=15085:1|383314:0|15931:1|443630:0;edge=432,536,536,10,1,1,2,2","element=2;role=temporal_neighbour;face=15085:1|383314:0|15931:1|443630:0"
cache=1:1:24043;source=1:27506;face=0:0,1,1,24043,1,27506,1,240,312,265,9,1,1,2,310020:0,19248:0,19268:0,19278:0,310020:0,6242:1,6248:1,19278:0,0,temporal_neighbour,0,19248:0,19278:0,19268:0,310020:0,1,2,1,2,-2,-3,3,2,1,2,1,2,"element=1;role=temporal_neighbour;face=19248:0|19278:0|19268:0|310020:0;edge=240,312,265,9,1,1,2,1","element=1;role=temporal_neighbour;face=19248:0|19278:0|19268:0|310020:0"
cache=1:1:24043;source=1:27506;face=0:1,1,1,24043,1,27506,1,240,312,265,9,1,1,2,310020:0,19248:0,19268:0,19278:0,310020:0,6242:1,6248:1,19278:0,0,temporal_neighbour,1,6242:1,19278:0,6248:1,310020:0,3,2,3,2,2,5,5,2,1,2,1,2,"element=1;role=temporal_neighbour;face=6242:1|19278:0|6248:1|310020:0;edge=240,312,265,9,1,1,2,1","element=1;role=temporal_neighbour;face=6242:1|19278:0|6248:1|310020:0"
cache=1:1:24044;source=1:27507;face=0:0,1,1,24044,1,27507,2,240,312,265,9,1,1,2,973819:0,384601:0,384623:0,384633:0,973819:0,15231:1,15237:1,384633:0,0,temporal_neighbour,0,384601:0,384633:0,384623:0,973819:0,1,2,1,2,-2,-3,3,2,1,2,1,2,"element=2;role=temporal_neighbour;face=384601:0|384633:0|384623:0|973819:0;edge=240,312,265,9,1,1,2,2","element=2;role=temporal_neighbour;face=384601:0|384633:0|384623:0|973819:0"
cache=1:1:24044;source=1:27507;face=0:1,1,1,24044,1,27507,2,240,312,265,9,1,1,2,973819:0,384601:0,384623:0,384633:0,973819:0,15231:1,15237:1,384633:0,0,temporal_neighbour,1,15231:1,384633:0,15237:1,973819:0,3,2,3,2,2,5,5,2,1,2,1,2,"element=2;role=temporal_neighbour;face=15231:1|384633:0|15237:1|973819:0;edge=240,312,265,9,1,1,2,2","element=2;role=temporal_neighbour;face=15231:1|384633:0|15237:1|973819:0"
cache=1:1:24651;source=1:31750;face=0:0,1,1,24651,1,31750,1,428,540,535,10,1,1,2,17835:0,51288:0,51251:0,51471:0,17835:0,51291:0,6129:1,51471:0,0,temporal_neighbour,0,17835:0,51251:0,51471:0,51288:0,2,1,2,1,2,3,3,2,1,2,1,2,"element=1;role=temporal_neighbour;face=17835:0|51251:0|51471:0|51288:0;edge=428,540,535,10,1,1,2,1","element=1;role=temporal_neighbour;face=17835:0|51251:0|51471:0|51288:0"
cache=1:1:24651;source=1:31750;face=0:1,1,1,24651,1,31750,1,428,540,535,10,1,1,2,17835:0,51288:0,51251:0,51471:0,17835:0,51291:0,6129:1,51471:0,0,temporal_neighbour,1,6129:1,17835:0,51291:0,51471:0,3,2,3,2,2,5,5,2,1,2,1,2,"element=1;role=temporal_neighbour;face=6129:1|17835:0|51291:0|51471:0;edge=428,540,535,10,1,1,2,1","element=1;role=temporal_neighbour;face=6129:1|17835:0|51291:0|51471:0"
cache=1:1:24652;source=1:31751;face=0:0,1,1,24652,1,31751,2,428,540,535,10,1,1,2,383316:0,436840:0,436793:0,437105:0,383316:0,436843:0,15070:1,437105:0,0,temporal_neighbour,0,383316:0,436793:0,437105:0,436840:0,2,1,2,1,2,3,3,2,1,2,1,2,"element=2;role=temporal_neighbour;face=383316:0|436793:0|437105:0|436840:0;edge=428,540,535,10,1,1,2,2","element=2;role=temporal_neighbour;face=383316:0|436793:0|437105:0|436840:0"
cache=1:1:24652;source=1:31751;face=0:1,1,1,24652,1,31751,2,428,540,535,10,1,1,2,383316:0,436840:0,436793:0,437105:0,383316:0,436843:0,15070:1,437105:0,0,temporal_neighbour,1,15070:1,383316:0,436843:0,437105:0,3,2,3,2,2,5,5,2,1,2,1,2,"element=2;role=temporal_neighbour;face=15070:1|383316:0|436843:0|437105:0;edge=428,540,535,10,1,1,2,2","element=2;role=temporal_neighbour;face=15070:1|383316:0|436843:0|437105:0"
cache=1:1:25232;source=1:33413;face=0:0,1,1,25232,1,33413,2,504,560,524,10,1,1,2,384361:0,868099:0,384365:0,384404:0,384361:0,15191:1,15189:1,384404:0,0,temporal_neighbour,0,384361:0,384365:0,384404:0,868099:0,2,1,2,1,2,3,3,2,1,2,1,2,"element=2;role=temporal_neighbour;face=384361:0|384365:0|384404:0|868099:0;edge=504,560,524,10,1,1,2,2","element=2;role=temporal_neighbour;face=384361:0|384365:0|384404:0|868099:0"
cache=1:1:25232;source=1:33413;face=0:1,1,1,25232,1,33413,2,504,560,524,10,1,1,2,384361:0,868099:0,384365:0,384404:0,384361:0,15191:1,15189:1,384404:0,0,temporal_neighbour,1,15189:1,384361:0,15191:1,384404:0,3,2,3,2,2,5,5,2,1,2,1,2,"element=2;role=temporal_neighbour;face=15189:1|384361:0|15191:1|384404:0;edge=504,560,524,10,1,1,2,2","element=2;role=temporal_neighbour;face=15189:1|384361:0|15191:1|384404:0"
cache=1:1:25233;source=1:33414;face=0:0,1,1,25233,1,33414,4,504,560,524,10,1,1,2,1101466:0,1285481:0,1101468:0,1101525:0,1101466:0,21438:1,21437:1,1101525:0,0,temporal_neighbour,0,1101466:0,1101468:0,1101525:0,1285481:0,2,1,2,1,2,3,3,2,1,2,1,2,"element=4;role=temporal_neighbour;face=1101466:0|1101468:0|1101525:0|1285481:0;edge=504,560,524,10,1,1,2,4","element=4;role=temporal_neighbour;face=1101466:0|1101468:0|1101525:0|1285481:0"
cache=1:1:25233;source=1:33414;face=0:1,1,1,25233,1,33414,4,504,560,524,10,1,1,2,1101466:0,1285481:0,1101468:0,1101525:0,1101466:0,21438:1,21437:1,1101525:0,0,temporal_neighbour,1,21437:1,1101466:0,21438:1,1101525:0,3,2,3,2,2,5,5,2,1,2,1,2,"element=4;role=temporal_neighbour;face=21437:1|1101466:0|21438:1|1101525:0;edge=504,560,524,10,1,1,2,4","element=4;role=temporal_neighbour;face=21437:1|1101466:0|21438:1|1101525:0"
cache=1:1:25620;source=1:39147;face=0:0,1,1,25620,1,39147,4,700,1168,1104,11,1,1,0,1100115:0,1100120:0,1115547:0,1115688:0,21405:1,1100120:0,1115547:0,1115666:0,0,temporal_neighbour,0,1100115:0,1100120:0,1115688:0,1115547:0,1,2,1,2,-2,-3,3,2,1,2,1,2,"element=4;role=temporal_neighbour;face=1100115:0|1100120:0|1115688:0|1115547:0;edge=700,1168,1104,11,1,1,0,4","element=4;role=temporal_neighbour;face=1100115:0|1100120:0|1115688:0|1115547:0"
cache=1:1:25620;source=1:39147;face=0:1,1,1,25620,1,39147,4,700,1168,1104,11,1,1,0,1100115:0,1100120:0,1115547:0,1115688:0,21405:1,1100120:0,1115547:0,1115666:0,0,temporal_neighbour,1,21405:1,1100120:0,1115666:0,1115547:0,3,2,3,2,2,5,5,2,1,2,1,2,"element=4;role=temporal_neighbour;face=21405:1|1100120:0|1115666:0|1115547:0;edge=700,1168,1104,11,1,1,0,4","element=4;role=temporal_neighbour;face=21405:1|1100120:0|1115666:0|1115547:0"
cache=1:1:25621;source=1:39149;face=0:0,1,1,25621,1,39149,4,701,1168,1104,11,1,1,0,1100115:0,1115547:0,1100120:0,1115689:0,21405:1,1115547:0,1100120:0,1115666:0,0,temporal_neighbour,0,1100115:0,1100120:0,1115689:0,1115547:0,1,2,1,2,-2,-3,3,2,1,2,1,2,"element=4;role=temporal_neighbour;face=1100115:0|1100120:0|1115689:0|1115547:0;edge=701,1168,1104,11,1,1,0,4","element=4;role=temporal_neighbour;face=1100115:0|1100120:0|1115689:0|1115547:0"
cache=1:1:25621;source=1:39149;face=0:1,1,1,25621,1,39149,4,701,1168,1104,11,1,1,0,1100115:0,1115547:0,1100120:0,1115689:0,21405:1,1115547:0,1100120:0,1115666:0,0,temporal_neighbour,1,21405:1,1100120:0,1115666:0,1115547:0,3,2,3,2,2,5,5,2,1,2,1,2,"element=4;role=temporal_neighbour;face=21405:1|1100120:0|1115666:0|1115547:0;edge=701,1168,1104,11,1,1,0,4","element=4;role=temporal_neighbour;face=21405:1|1100120:0|1115666:0|1115547:0"
cache=1:1:29595;source=1:46672;face=0:0,1,1,29595,1,46672,1,1024,1040,1027,11,1,1,2,146441:0,18475:0,23322:0,23372:0,146441:0,6175:1,6347:1,23372:0,0,temporal_neighbour,0,18475:0,23372:0,23322:0,146441:0,1,2,1,2,-2,-3,3,2,1,2,1,2,"element=1;role=temporal_neighbour;face=18475:0|23372:0|23322:0|146441:0;edge=1024,1040,1027,11,1,1,2,1","element=1;role=temporal_neighbour;face=18475:0|23372:0|23322:0|146441:0"
cache=1:1:29595;source=1:46672;face=0:1,1,1,29595,1,46672,1,1024,1040,1027,11,1,1,2,146441:0,18475:0,23322:0,23372:0,146441:0,6175:1,6347:1,23372:0,0,temporal_neighbour,1,6175:1,23372:0,6347:1,146441:0,3,2,3,2,2,5,5,2,1,2,1,2,"element=1;role=temporal_neighbour;face=6175:1|23372:0|6347:1|146441:0;edge=1024,1040,1027,11,1,1,2,1","element=1;role=temporal_neighbour;face=6175:1|23372:0|6347:1|146441:0"
cache=1:1:39585;source=1:67712;face=0:0,1,1,39585,1,67712,0,2016,2048,2048,12,1,1,2,5093:0,3206:0,1525:0,3208:0,5093:0,767:1,437:1,3208:0,0,temporal_neighbour,0,1525:0,3208:0,3206:0,5093:0,1,2,1,2,-2,-3,3,2,1,2,1,2,"element=0;role=temporal_neighbour;face=1525:0|3208:0|3206:0|5093:0;edge=2016,2048,2048,12,1,1,2,0","element=0;role=temporal_neighbour;face=1525:0|3208:0|3206:0|5093:0"
cache=1:1:39585;source=1:67712;face=0:1,1,1,39585,1,67712,0,2016,2048,2048,12,1,1,2,5093:0,3206:0,1525:0,3208:0,5093:0,767:1,437:1,3208:0,0,temporal_neighbour,1,437:1,3208:0,767:1,5093:0,3,2,3,2,2,5,5,2,1,2,1,2,"element=0;role=temporal_neighbour;face=437:1|3208:0|767:1|5093:0;edge=2016,2048,2048,12,1,1,2,0","element=0;role=temporal_neighbour;face=437:1|3208:0|767:1|5093:0"
cache=1:2:85510;source=1:23501;face=0:0,1,2,85510,1,23501,1,44,116,68,7,1,0,2,23165:0,6301:1,6299:1,23124:0,23165:4,6301:5,6299:5,23124:4,0,temporal_neighbour,0,6299:1,23124:0,6301:1,23165:0,3,2,3,2,2,5,5,2,1,2,1,2,"element=1;role=temporal_neighbour;face=6299:1|23124:0|6301:1|23165:0;edge=44,116,68,7,1,0,2,1","element=1;role=temporal_neighbour;face=6299:1|23124:0|6301:1|23165:0"
cache=1:2:85511;source=1:23502;face=0:0,1,2,85511,1,23502,2,44,116,68,7,1,0,2,388529:0,15292:1,15290:1,388488:0,388529:4,15292:5,15290:5,388488:4,0,temporal_neighbour,0,15290:1,388488:0,15292:1,388529:0,3,2,3,2,2,5,5,2,1,2,1,2,"element=2;role=temporal_neighbour;face=15290:1|388488:0|15292:1|388529:0;edge=44,116,68,7,1,0,2,2","element=2;role=temporal_neighbour;face=15290:1|388488:0|15292:1|388529:0"
cache=1:2:87016;source=1:27103;face=0:0,1,2,87016,1,27103,1,232,328,268,9,1,0,2,20487:0,7711:1,6255:1,20505:0,20487:4,7711:5,6255:5,20505:4,0,temporal_neighbour,0,6255:1,20487:0,7711:1,20505:0,3,2,3,2,2,5,5,2,1,2,1,2,"element=1;role=temporal_neighbour;face=6255:1|20487:0|7711:1|20505:0;edge=232,328,268,9,1,0,2,1","element=1;role=temporal_neighbour;face=6255:1|20487:0|7711:1|20505:0"
cache=1:2:87017;source=1:27104;face=0:0,1,2,87017,1,27104,2,232,328,268,9,1,0,2,385825:0,17422:1,15244:1,385847:0,385825:4,17422:5,15244:5,385847:4,0,temporal_neighbour,0,15244:1,385825:0,17422:1,385847:0,3,2,3,2,2,5,5,2,1,2,1,2,"element=2;role=temporal_neighbour;face=15244:1|385825:0|17422:1|385847:0;edge=232,328,268,9,1,0,2,2","element=2;role=temporal_neighbour;face=15244:1|385825:0|17422:1|385847:0"
cache=1:2:87102;source=1:27420;face=0:0,1,2,87102,1,27420,1,240,240,257,9,1,0,2,7417:0,1511:1,1316:1,7808:0,7417:4,1511:5,1316:5,7808:4,0,temporal_neighbour,0,1316:1,7417:0,1511:1,7808:0,3,2,3,2,2,5,5,2,1,2,1,2,"element=1;role=temporal_neighbour;face=1316:1|7417:0|1511:1|7808:0;edge=240,240,257,9,1,0,2,1","element=1;role=temporal_neighbour;face=1316:1|7417:0|1511:1|7808:0"
cache=1:2:87103;source=1:27421;face=0:0,1,2,87103,1,27421,2,240,240,257,9,1,0,2,371000:0,8670:1,8442:1,371420:0,371000:4,8670:5,8442:5,371420:4,0,temporal_neighbour,0,8442:1,371000:0,8670:1,371420:0,3,2,3,2,2,5,5,2,1,2,1,2,"element=2;role=temporal_neighbour;face=8442:1|371000:0|8670:1|371420:0;edge=240,240,257,9,1,0,2,2","element=2;role=temporal_neighbour;face=8442:1|371000:0|8670:1|371420:0"
cache=1:2:87168;source=1:27504;face=0:0,1,2,87168,1,27504,1,240,312,265,9,1,0,2,310020:0,6242:1,6248:1,19278:0,310020:4,6242:5,6248:5,19278:4,0,temporal_neighbour,0,6242:1,19278:0,6248:1,310020:0,3,2,3,2,2,5,5,2,1,2,1,2,"element=1;role=temporal_neighbour;face=6242:1|19278:0|6248:1|310020:0;edge=240,312,265,9,1,0,2,1","element=1;role=temporal_neighbour;face=6242:1|19278:0|6248:1|310020:0"
cache=1:2:87169;source=1:27505;face=0:0,1,2,87169,1,27505,2,240,312,265,9,1,0,2,973819:0,15231:1,15237:1,384633:0,973819:4,15231:5,15237:5,384633:4,0,temporal_neighbour,0,15231:1,384633:0,15237:1,973819:0,3,2,3,2,2,5,5,2,1,2,1,2,"element=2;role=temporal_neighbour;face=15231:1|384633:0|15237:1|973819:0;edge=240,312,265,9,1,0,2,2","element=2;role=temporal_neighbour;face=15231:1|384633:0|15237:1|973819:0"
cache=1:2:87337;source=1:28264;face=0:0,1,2,87337,1,28264,1,249,248,256,9,1,0,0,5238:0,1758:1,948:1,8126:0,5238:4,1758:5,948:5,8126:4,0,temporal_neighbour,0,948:1,5238:0,1758:1,8126:0,3,2,3,2,2,5,5,2,1,2,1,2,"element=1;role=temporal_neighbour;face=948:1|5238:0|1758:1|8126:0;edge=249,248,256,9,1,0,0,1","element=1;role=temporal_neighbour;face=948:1|5238:0|1758:1|8126:0"
cache=1:2:87338;source=1:28265;face=0:0,1,2,87338,1,28265,2,249,248,256,9,1,0,0,368836:0,8941:1,8088:1,371756:0,368836:4,8941:5,8088:5,371756:4,0,temporal_neighbour,0,8088:1,368836:0,8941:1,371756:0,3,2,3,2,2,5,5,2,1,2,1,2,"element=2;role=temporal_neighbour;face=8088:1|368836:0|8941:1|371756:0;edge=249,248,256,9,1,0,0,2","element=2;role=temporal_neighbour;face=8088:1|368836:0|8941:1|371756:0"
cache=1:2:87530;source=1:29138;face=0:0,1,2,87530,1,29138,3,256,262,256,9,1,0,2,18998:1,1062958:0,1063989:0,19071:1,18998:5,1062958:4,1063989:4,19071:5,0,temporal_neighbour,0,18998:1,1062958:0,19071:1,1063989:0,3,2,3,2,2,5,5,2,1,2,1,2,"element=3;role=temporal_neighbour;face=18998:1|1062958:0|19071:1|1063989:0;edge=256,262,256,9,1,0,2,3","element=3;role=temporal_neighbour;face=18998:1|1062958:0|19071:1|1063989:0"
cache=1:2:88112;source=1:31748;face=0:0,1,2,88112,1,31748,1,428,540,535,10,1,0,2,17835:0,51291:0,6129:1,51471:0,17835:4,51291:4,6129:5,51471:4,0,temporal_neighbour,0,6129:1,17835:0,51291:0,51471:0,3,2,3,2,2,5,5,2,1,2,1,2,"element=1;role=temporal_neighbour;face=6129:1|17835:0|51291:0|51471:0;edge=428,540,535,10,1,0,2,1","element=1;role=temporal_neighbour;face=6129:1|17835:0|51291:0|51471:0"
cache=1:2:88113;source=1:31749;face=0:0,1,2,88113,1,31749,2,428,540,535,10,1,0,2,383316:0,436843:0,15070:1,437105:0,383316:4,436843:4,15070:5,437105:4,0,temporal_neighbour,0,15070:1,383316:0,436843:0,437105:0,3,2,3,2,2,5,5,2,1,2,1,2,"element=2;role=temporal_neighbour;face=15070:1|383316:0|436843:0|437105:0;edge=428,540,535,10,1,0,2,2","element=2;role=temporal_neighbour;face=15070:1|383316:0|436843:0|437105:0"
cache=1:2:88123;source=1:31835;face=0:0,1,2,88123,1,31835,1,432,536,536,10,1,0,2,17833:0,6881:1,6141:1,55326:0,17833:4,6881:5,6141:5,55326:4,0,temporal_neighbour,0,6141:1,17833:0,6881:1,55326:0,3,2,3,2,2,5,5,2,1,2,1,2,"element=1;role=temporal_neighbour;face=6141:1|17833:0|6881:1|55326:0;edge=432,536,536,10,1,0,2,1","element=1;role=temporal_neighbour;face=6141:1|17833:0|6881:1|55326:0"
cache=1:2:88124;source=1:31836;face=0:0,1,2,88124,1,31836,2,432,536,536,10,1,0,2,383314:0,15931:1,15085:1,443630:0,383314:4,15931:5,15085:5,443630:4,0,temporal_neighbour,0,15085:1,383314:0,15931:1,443630:0,3,2,3,2,2,5,5,2,1,2,1,2,"element=2;role=temporal_neighbour;face=15085:1|383314:0|15931:1|443630:0;edge=432,536,536,10,1,0,2,2","element=2;role=temporal_neighbour;face=15085:1|383314:0|15931:1|443630:0"
cache=1:2:88456;source=1:33409;face=0:0,1,2,88456,1,33409,2,504,560,524,10,1,0,2,384361:0,15191:1,15189:1,384404:0,384361:4,15191:5,15189:5,384404:4,0,temporal_neighbour,0,15189:1,384361:0,15191:1,384404:0,3,2,3,2,2,5,5,2,1,2,1,2,"element=2;role=temporal_neighbour;face=15189:1|384361:0|15191:1|384404:0;edge=504,560,524,10,1,0,2,2","element=2;role=temporal_neighbour;face=15189:1|384361:0|15191:1|384404:0"
cache=1:2:88457;source=1:33410;face=0:0,1,2,88457,1,33410,4,504,560,524,10,1,0,2,1101466:0,21438:1,21437:1,1101525:0,1101466:4,21438:5,21437:5,1101525:4,0,temporal_neighbour,0,21437:1,1101466:0,21438:1,1101525:0,3,2,3,2,2,5,5,2,1,2,1,2,"element=4;role=temporal_neighbour;face=21437:1|1101466:0|21438:1|1101525:0;edge=504,560,524,10,1,0,2,4","element=4;role=temporal_neighbour;face=21437:1|1101466:0|21438:1|1101525:0"
cache=1:2:88896;source=1:39146;face=0:0,1,2,88896,1,39146,4,700,1168,1104,11,1,0,0,21405:1,1100120:0,1115547:0,1115666:0,21405:5,1100120:4,1115547:4,1115666:4,0,temporal_neighbour,0,21405:1,1100120:0,1115666:0,1115547:0,3,2,3,2,2,5,5,2,1,2,1,2,"element=4;role=temporal_neighbour;face=21405:1|1100120:0|1115666:0|1115547:0;edge=700,1168,1104,11,1,0,0,4","element=4;role=temporal_neighbour;face=21405:1|1100120:0|1115666:0|1115547:0"
cache=1:2:88897;source=1:39148;face=0:0,1,2,88897,1,39148,4,701,1168,1104,11,1,0,0,21405:1,1115547:0,1100120:0,1115666:0,21405:5,1115547:4,1100120:4,1115666:4,0,temporal_neighbour,0,21405:1,1100120:0,1115666:0,1115547:0,3,2,3,2,2,5,5,2,1,2,1,2,"element=4;role=temporal_neighbour;face=21405:1|1100120:0|1115666:0|1115547:0;edge=701,1168,1104,11,1,0,0,4","element=4;role=temporal_neighbour;face=21405:1|1100120:0|1115666:0|1115547:0"
cache=1:2:89466;source=1:46671;face=0:0,1,2,89466,1,46671,1,1024,1040,1027,11,1,0,2,146441:0,6175:1,6347:1,23372:0,146441:4,6175:5,6347:5,23372:4,0,temporal_neighbour,0,6175:1,23372:0,6347:1,146441:0,3,2,3,2,2,5,5,2,1,2,1,2,"element=1;role=temporal_neighbour;face=6175:1|23372:0|6347:1|146441:0;edge=1024,1040,1027,11,1,0,2,1","element=1;role=temporal_neighbour;face=6175:1|23372:0|6347:1|146441:0"
cache=1:2:89953;source=1:67711;face=0:0,1,2,89953,1,67711,0,2016,2048,2048,12,1,0,2,5093:0,767:1,437:1,3208:0,5093:4,767:5,437:5,3208:4,0,temporal_neighbour,0,437:1,3208:0,767:1,5093:0,3,2,3,2,2,5,5,2,1,2,1,2,"element=0;role=temporal_neighbour;face=437:1|3208:0|767:1|5093:0;edge=2016,2048,2048,12,1,0,2,0","element=0;role=temporal_neighbour;face=437:1|3208:0|767:1|5093:0"
